Timestamp,Freq_Bin_0,Freq_Bin_1,Freq_Bin_2,Freq_Bin_3,Freq_Bin_4,Freq_Bin_5,Freq_Bin_6,Freq_Bin_7,Freq_Bin_8,Freq_Bin_9,Freq_Bin_10,Freq_Bin_11,Freq_Bin_12,Freq_Bin_13,Freq_Bin_14,Freq_Bin_15,Freq_Bin_16,Freq_Bin_17,Freq_Bin_18,Freq_Bin_19,Freq_Bin_20,Freq_Bin_21,Freq_Bin_22,Freq_Bin_23,Freq_Bin_24,Freq_Bin_25,Freq_Bin_26,Freq_Bin_27,Freq_Bin_28,Freq_Bin_29,Freq_Bin_30,Freq_Bin_31,Freq_Bin_32,Freq_Bin_33,Freq_Bin_34,Freq_Bin_35,Freq_Bin_36,Freq_Bin_37,Freq_Bin_38,Freq_Bin_39,Freq_Bin_40,Freq_Bin_41,Freq_Bin_42,Freq_Bin_43,Freq_Bin_44,Freq_Bin_45,Freq_Bin_46,Freq_Bin_47,Freq_Bin_48,Freq_Bin_49,Freq_Bin_50,Freq_Bin_51,Freq_Bin_52,Freq_Bin_53,Freq_Bin_54,Freq_Bin_55,Freq_Bin_56,Freq_Bin_57,Freq_Bin_58,Freq_Bin_59,Freq_Bin_60,Freq_Bin_61,Freq_Bin_62,Freq_Bin_63,Freq_Bin_64,Freq_Bin_65,Freq_Bin_66,Freq_Bin_67,Freq_Bin_68,Freq_Bin_69,Freq_Bin_70,Freq_Bin_71,Freq_Bin_72,Freq_Bin_73,Freq_Bin_74,Freq_Bin_75,Freq_Bin_76,Freq_Bin_77,Freq_Bin_78,Freq_Bin_79,Freq_Bin_80,Freq_Bin_81,Freq_Bin_82,Freq_Bin_83,Freq_Bin_84,Freq_Bin_85,Freq_Bin_86,Freq_Bin_87,Freq_Bin_88,Freq_Bin_89,Freq_Bin_90,Freq_Bin_91,Freq_Bin_92,Freq_Bin_93,Freq_Bin_94,Freq_Bin_95,Freq_Bin_96,Freq_Bin_97,Freq_Bin_98,Freq_Bin_99,Freq_Bin_100,Freq_Bin_101,Freq_Bin_102,Freq_Bin_103,Freq_Bin_104,Freq_Bin_105,Freq_Bin_106,Freq_Bin_107,Freq_Bin_108,Freq_Bin_109,Freq_Bin_110,Freq_Bin_111,Freq_Bin_112,Freq_Bin_113,Freq_Bin_114,Freq_Bin_115,Freq_Bin_116,Freq_Bin_117,Freq_Bin_118,Freq_Bin_119,Freq_Bin_120,Freq_Bin_121,Freq_Bin_122,Freq_Bin_123,Freq_Bin_124,Freq_Bin_125,Freq_Bin_126,Freq_Bin_127
1783674857.6336367,0.0,59269.0,61670.0,143526.0,178403.0,209591.0,144044.0,119714.0,33623.0,47171.0,137919.0,112691.0,5123.0,38038.0,266400.0,185794.0,136410.0,35420.0,125368.0,124443.0,77451.0,73935.0,101408.0,34021.0,180838.0,24398.0,101359.0,134452.0,48262.0,108352.0,63320.0,50891.0,81728.0,182965.0,349335.0,132975.0,63299.0,134514.0,146669.0,135543.0,168851.0,340331.0,464700.0,1199872.0,372218.0,390480.0,60334.0,92787.0,167374.0,108609.0,75212.0,220686.0,104128.0,324077.0,52704.0,146399.0,155622.0,123664.0,48240.0,140786.0,151036.0,166020.0,152604.0,256402.0,294923.0,272690.0,277171.0,179459.0,519276.0,1387501.0,1945308.0,2812934.0,2580130.0,1807482.0,966472.0,243517.0,641296.0,764024.0,463967.0,175187.0,746132.0,345882.0,320649.0,67312.0,284912.0,280153.0,141487.0,22768.0,144570.0,252644.0,127538.0,32774.0,110513.0,136232.0,168186.0,67969.0,26215.0,73168.0,181947.0,694710.0,115013.0,124095.0,182367.0,121115.0,87866.0,145598.0,191539.0,23856.0,264548.0,168487.0,139770.0,167780.0,67530.0,109245.0,61817.0,162660.0,73728.0,114643.0,81986.0,54610.0,94791.0,51078.0,128026.0,94233.0,63312.0,58333.0,122152.0,49620.0
1783674860.2062588,0.0,117082.0,80777.0,190708.0,265716.0,124293.0,84739.0,109301.0,150818.0,116879.0,159305.0,123796.0,112021.0,197013.0,87379.0,90208.0,67943.0,108058.0,42690.0,31582.0,53748.0,8452.0,99509.0,164250.0,31593.0,72182.0,126545.0,46447.0,31957.0,26904.0,118543.0,82674.0,254923.0,214502.0,232402.0,97573.0,118755.0,153637.0,216511.0,220308.0,407210.0,333659.0,1270355.0,437144.0,169053.0,130237.0,82997.0,102912.0,106209.0,100655.0,231471.0,96542.0,41939.0,147967.0,152627.0,52428.0,131982.0,15236.0,190334.0,90730.0,209213.0,74867.0,511468.0,227477.0,230539.0,118849.0,390560.0,158440.0,690039.0,257801.0,1648766.0,319292.0,4633373.0,503322.0,942526.0,230669.0,527778.0,71788.0,371222.0,51581.0,42023.0,198457.0,429368.0,85039.0,235641.0,56091.0,261081.0,58898.0,160029.0,112900.0,244737.0,148313.0,101615.0,168122.0,143895.0,138663.0,110659.0,38259.0,56615.0,247613.0,163675.0,146672.0,513652.0,276957.0,124805.0,146296.0,157230.0,50038.0,236143.0,102315.0,252911.0,115683.0,277841.0,104195.0,125846.0,38184.0,197041.0,87558.0,128980.0,178809.0,89047.0,132292.0,27703.0,124433.0,38062.0,98526.0,24855.0,143874.0
1783674862.8076396,0.0,204241.0,90963.0,194456.0,292837.0,118571.0,170117.0,137296.0,50461.0,169746.0,182906.0,104441.0,96938.0,131209.0,215078.0,146490.0,75961.0,37293.0,105729.0,78109.0,136628.0,50062.0,22407.0,51446.0,144159.0,52106.0,139266.0,163963.0,139629.0,281504.0,85536.0,141266.0,217014.0,136018.0,120793.0,123014.0,74410.0,50454.0,569478.0,1309452.0,167474.0,495342.0,531718.0,238951.0,110874.0,173174.0,231240.0,166102.0,113637.0,149418.0,188971.0,97210.0,276874.0,260293.0,219721.0,142803.0,301932.0,353800.0,474002.0,393279.0,192906.0,170207.0,411345.0,159584.0,380817.0,454786.0,498438.0,331626.0,381789.0,741920.0,1178977.0,1114647.0,3008966.0,2792411.0,1315962.0,417362.0,287137.0,791939.0,862580.0,756345.0,467316.0,329922.0,309795.0,597837.0,267350.0,60071.0,261547.0,274037.0,394763.0,288715.0,290082.0,269912.0,323686.0,156445.0,115887.0,70948.0,103063.0,134383.0,127430.0,135640.0,122748.0,91122.0,224694.0,225432.0,175211.0,260293.0,237720.0,230476.0,49811.0,193899.0,170013.0,166085.0,148328.0,168032.0,178380.0,201853.0,115362.0,77708.0,123539.0,110957.0,136114.0,86668.0,96319.0,66316.0,59120.0,127874.0,69687.0,31321.0
1783674865.3765466,0.0,168976.0,141697.0,106944.0,32554.0,169727.0,123264.0,102382.0,38897.0,122052.0,34995.0,173041.0,137103.0,191927.0,47392.0,51763.0,82126.0,73459.0,28469.0,65229.0,76982.0,72014.0,62616.0,161096.0,42488.0,19689.0,258797.0,130759.0,158145.0,51733.0,166677.0,181008.0,179147.0,131716.0,186944.0,245706.0,963625.0,1017272.0,335790.0,254521.0,151413.0,163478.0,83437.0,165628.0,134695.0,165594.0,118843.0,139061.0,134703.0,146288.0,116046.0,145869.0,92255.0,220624.0,188851.0,211617.0,128574.0,128155.0,117470.0,243626.0,231600.0,256437.0,185096.0,314129.0,222767.0,371661.0,293100.0,218643.0,117413.0,453934.0,881465.0,1252554.0,1215942.0,3415814.0,2461611.0,1608956.0,1145625.0,676317.0,241539.0,132150.0,423410.0,431982.0,413911.0,59680.0,276372.0,96716.0,194032.0,167621.0,192512.0,132909.0,70339.0,124016.0,188807.0,165616.0,254097.0,127260.0,95164.0,143007.0,204190.0,142799.0,87332.0,73281.0,93171.0,98375.0,107515.0,132476.0,50720.0,123865.0,315630.0,559208.0,456239.0,128098.0,112890.0,9634.0,114776.0,158359.0,110078.0,72756.0,104949.0,50135.0,266414.0,45919.0,135507.0,245006.0,146573.0,38798.0,100629.0,88505.0
1783674867.956322,0.0,25921.0,123664.0,155256.0,188252.0,79009.0,246371.0,28481.0,47614.0,53474.0,116562.0,83191.0,29403.0,30200.0,32380.0,245977.0,114811.0,108753.0,157900.0,135465.0,66469.0,20073.0,114399.0,96424.0,328465.0,172680.0,84322.0,87843.0,103313.0,77150.0,34851.0,33118.0,53039.0,208394.0,974990.0,844571.0,633905.0,280461.0,176694.0,169112.0,9276.0,53273.0,47562.0,102026.0,171962.0,227183.0,238367.0,179416.0,138102.0,71096.0,55410.0,29481.0,27197.0,44239.0,272667.0,194571.0,133521.0,86689.0,10937.0,162211.0,241697.0,270886.0,301458.0,287251.0,610813.0,286597.0,301166.0,239791.0,131666.0,131416.0,305122.0,561183.0,996982.0,1186181.0,4494611.0,319283.0,579749.0,734213.0,734463.0,710041.0,663683.0,534876.0,409079.0,379614.0,174745.0,261492.0,300153.0,285052.0,207187.0,255508.0,220040.0,215768.0,98883.0,219938.0,141911.0,60613.0,89439.0,117896.0,82155.0,53845.0,71989.0,88800.0,32928.0,178754.0,254363.0,241570.0,269796.0,266529.0,101863.0,177835.0,103445.0,55859.0,253432.0,326934.0,489806.0,152171.0,174502.0,135292.0,125139.0,51843.0,47938.0,93713.0,133765.0,229747.0,231978.0,170498.0,86585.0,2338.0
1783674870.5145123,0.0,72431.0,53126.0,48592.0,118104.0,51723.0,45291.0,188570.0,150460.0,61529.0,60599.0,125844.0,67673.0,51273.0,126357.0,81142.0,125573.0,186064.0,165775.0,198823.0,89027.0,63236.0,236700.0,289435.0,238114.0,155942.0,38839.0,62901.0,59379.0,57082.0,214811.0,39001.0,268170.0,1121112.0,715967.0,290450.0,241793.0,219113.0,161773.0,194676.0,148327.0,127512.0,145678.0,113438.0,98941.0,177139.0,71633.0,74781.0,63115.0,60771.0,89274.0,95226.0,138422.0,83257.0,111927.0,134214.0,147929.0,165251.0,103521.0,107124.0,80122.0,170525.0,122421.0,285887.0,80536.0,106301.0,238719.0,63693.0,141509.0,241465.0,250591.0,344500.0,551683.0,887102.0,4871571.0,1297018.0,577819.0,246241.0,262039.0,189502.0,126710.0,78664.0,135277.0,52126.0,183076.0,364425.0,212434.0,127503.0,77434.0,118576.0,125297.0,179095.0,106455.0,97366.0,51356.0,41780.0,108641.0,96732.0,25796.0,40298.0,104130.0,37369.0,47559.0,68695.0,76349.0,42227.0,26111.0,182152.0,202211.0,86492.0,35635.0,41678.0,75138.0,21718.0,21603.0,595642.0,100452.0,80592.0,136316.0,93088.0,10729.0,92522.0,113346.0,124553.0,174111.0,206366.0,223306.0,204738.0
1783674873.0741043,0.0,37113.0,104671.0,67513.0,28816.0,28824.0,45833.0,117435.0,193232.0,64403.0,67953.0,161342.0,163466.0,97734.0,59178.0,25826.0,40953.0,80808.0,163445.0,97623.0,150338.0,309158.0,373392.0,158550.0,79897.0,9400.0,37762.0,32724.0,78467.0,68028.0,177913.0,130509.0,332571.0,1395844.0,448285.0,73844.0,76730.0,157546.0,70989.0,82109.0,90863.0,237116.0,37153.0,122412.0,295450.0,83722.0,88819.0,111345.0,90270.0,92907.0,107638.0,82151.0,111404.0,221064.0,194403.0,53614.0,60942.0,104822.0,131102.0,103936.0,116554.0,108981.0,178233.0,212559.0,327023.0,220423.0,300579.0,194411.0,232158.0,284840.0,392094.0,385101.0,583327.0,927902.0,4259137.0,2153887.0,1141308.0,733628.0,503877.0,367734.0,280516.0,265296.0,226143.0,157228.0,251942.0,340253.0,307704.0,212619.0,94650.0,214266.0,114431.0,93081.0,91734.0,163829.0,161601.0,113521.0,126151.0,20618.0,57804.0,14450.0,115121.0,75431.0,39028.0,33118.0,110428.0,115076.0,63964.0,144359.0,177576.0,61863.0,84238.0,59748.0,80526.0,77575.0,185192.0,300243.0,447661.0,263822.0,198422.0,31794.0,136225.0,90835.0,69992.0,18173.0,56111.0,195299.0,192896.0,221250.0
1783674875.623795,0.0,79341.0,29173.0,53726.0,63771.0,32510.0,41732.0,18217.0,88428.0,63199.0,22050.0,152769.0,85580.0,69625.0,204046.0,64942.0,36993.0,37918.0,54097.0,76375.0,97951.0,438598.0,213608.0,229312.0,112321.0,16714.0,117214.0,80169.0,58008.0,45248.0,542667.0,1272215.0,458280.0,143024.0,40489.0,89214.0,150361.0,30963.0,36233.0,32999.0,121567.0,170900.0,81339.0,100875.0,164296.0,64134.0,86066.0,18363.0,25140.0,32997.0,91472.0,62973.0,25342.0,22789.0,43220.0,122374.0,90452.0,7620.0,7915.0,48677.0,73306.0,73830.0,100137.0,104287.0,98392.0,314466.0,114005.0,10457.0,68389.0,51936.0,136020.0,107524.0,58941.0,133880.0,597510.0,5152009.0,628333.0,95902.0,66397.0,108615.0,120349.0,44969.0,94629.0,96892.0,147370.0,420531.0,93668.0,98090.0,20554.0,69115.0,50602.0,69025.0,67015.0,32261.0,46291.0,154997.0,35251.0,47352.0,27203.0,12747.0,72224.0,40035.0,21327.0,41964.0,72089.0,65448.0,202716.0,92329.0,34989.0,64104.0,107560.0,35283.0,2741.0,5237.0,136074.0,73186.0,24535.0,141783.0,264000.0,383608.0,380235.0,40577.0,42687.0,32011.0,101869.0,39371.0,112199.0,362165.0
1783674878.215376,0.0,53999.0,35298.0,11900.0,62370.0,105867.0,130940.0,16661.0,95129.0,113776.0,117363.0,121927.0,82092.0,99675.0,159898.0,165255.0,69578.0,49124.0,174204.0,64579.0,177553.0,225251.0,125602.0,77542.0,121274.0,192508.0,29361.0,161583.0,118944.0,175204.0,591963.0,1249260.0,495281.0,140769.0,102867.0,140475.0,64147.0,98404.0,43408.0,14551.0,100748.0,220741.0,55804.0,71344.0,76921.0,233364.0,95111.0,160896.0,70661.0,101911.0,144909.0,119778.0,40772.0,46238.0,96856.0,261060.0,80458.0,123871.0,200774.0,229700.0,81716.0,167087.0,183839.0,72874.0,25479.0,101113.0,355664.0,331571.0,197272.0,173275.0,268047.0,298818.0,447175.0,1194286.0,1429574.0,3145505.0,2854971.0,1558572.0,665670.0,426195.0,661427.0,574528.0,416609.0,326657.0,505311.0,726124.0,106172.0,109791.0,234382.0,275224.0,144992.0,62766.0,238963.0,201749.0,41741.0,80205.0,179538.0,52599.0,56608.0,151811.0,85412.0,39918.0,36622.0,79717.0,111705.0,127305.0,102071.0,177370.0,153296.0,97447.0,153464.0,193122.0,109662.0,20127.0,38131.0,203319.0,40445.0,53515.0,213206.0,350589.0,521006.0,155560.0,59458.0,155173.0,112502.0,68769.0,320811.0,138533.0
1783674880.7860763,0.0,177566.0,104856.0,128734.0,144501.0,144492.0,159970.0,158097.0,116722.0,121288.0,99353.0,58653.0,83031.0,78836.0,261272.0,253392.0,42889.0,138237.0,44770.0,163051.0,252348.0,60595.0,83960.0,62190.0,61449.0,278736.0,124459.0,256439.0,231135.0,477485.0,1301688.0,452864.0,190367.0,138258.0,100091.0,36529.0,64162.0,24895.0,51514.0,109648.0,238083.0,94321.0,113344.0,105449.0,119005.0,36213.0,117253.0,69585.0,81729.0,98963.0,170329.0,199593.0,218182.0,137453.0,95831.0,214223.0,158233.0,156246.0,233896.0,232456.0,103918.0,177396.0,143928.0,239296.0,251591.0,482402.0,261514.0,225327.0,45405.0,191173.0,422741.0,693136.0,782605.0,693286.0,217884.0,3188292.0,3113269.0,1756387.0,1013860.0,621920.0,263081.0,110431.0,210348.0,201281.0,313982.0,310342.0,276138.0,67958.0,213546.0,196180.0,144619.0,64119.0,153905.0,46164.0,85521.0,194276.0,148251.0,182802.0,66080.0,147695.0,121538.0,67508.0,165294.0,134635.0,177747.0,107209.0,25517.0,80944.0,44413.0,108856.0,47100.0,170305.0,203957.0,47483.0,75423.0,105336.0,43176.0,82540.0,101171.0,363229.0,250389.0,454265.0,210092.0,58175.0,42970.0,232259.0,84391.0,131488.0
1783674883.3515756,0.0,124004.0,104000.0,53486.0,43543.0,25631.0,94359.0,141256.0,69814.0,108039.0,91854.0,52731.0,77087.0,37582.0,47751.0,91677.0,172135.0,250580.0,138587.0,267550.0,276726.0,136420.0,76998.0,64591.0,58592.0,63932.0,32130.0,430291.0,294303.0,742342.0,1150974.0,516981.0,153064.0,87779.0,225074.0,239315.0,170872.0,97062.0,24037.0,271168.0,100597.0,75396.0,88882.0,160235.0,51027.0,53487.0,191435.0,192760.0,175107.0,59601.0,61285.0,95558.0,175495.0,78831.0,7264.0,61957.0,299028.0,100184.0,56094.0,143136.0,206354.0,159672.0,60886.0,116586.0,246824.0,304028.0,341679.0,288921.0,399266.0,378513.0,112675.0,293921.0,633905.0,802535.0,516073.0,1803696.0,4420156.0,1354177.0,264325.0,225261.0,345985.0,298976.0,143677.0,97500.0,229219.0,32467.0,405450.0,109586.0,197002.0,124341.0,141645.0,66350.0,129655.0,114620.0,106529.0,165507.0,157855.0,122878.0,62474.0,40481.0,79730.0,122666.0,85722.0,23766.0,83531.0,136515.0,136748.0,78704.0,47602.0,90125.0,70025.0,23886.0,215866.0,13156.0,84490.0,192788.0,76818.0,38684.0,54934.0,115947.0,159781.0,261835.0,629680.0,135948.0,252659.0,166832.0,66433.0,53265.0
1783674885.933395,0.0,76247.0,100541.0,88128.0,43933.0,74150.0,91443.0,50844.0,261283.0,108643.0,37576.0,89168.0,150143.0,96839.0,152993.0,89166.0,31916.0,51502.0,422132.0,450896.0,56079.0,63539.0,102028.0,63912.0,100634.0,156473.0,104784.0,377701.0,352228.0,1402201.0,406781.0,221630.0,150573.0,28977.0,61488.0,105011.0,28380.0,117566.0,37396.0,224884.0,81304.0,41976.0,13417.0,67558.0,52731.0,78440.0,183975.0,109771.0,132536.0,61238.0,130309.0,73530.0,54168.0,89672.0,159933.0,163092.0,126068.0,49699.0,12554.0,60410.0,206590.0,69933.0,170650.0,185914.0,175100.0,200881.0,328688.0,32625.0,218885.0,339522.0,371978.0,905886.0,499066.0,1150727.0,896661.0,1530241.0,3414371.0,2537135.0,722716.0,1133620.0,697386.0,326616.0,543894.0,190731.0,298515.0,347416.0,256691.0,494772.0,438106.0,156645.0,250308.0,42235.0,147512.0,29731.0,265500.0,207939.0,248416.0,31276.0,148185.0,147715.0,49712.0,56224.0,128039.0,256189.0,55294.0,135250.0,89336.0,126958.0,80841.0,98986.0,84682.0,245945.0,60167.0,51412.0,234740.0,64105.0,83741.0,24192.0,155365.0,141111.0,51903.0,318479.0,453211.0,244886.0,557045.0,145528.0,71992.0,242871.0
1783674888.4890144,0.0,24163.0,79994.0,38980.0,45451.0,44598.0,50697.0,120559.0,92526.0,4980.0,54375.0,53038.0,47192.0,61111.0,15808.0,43715.0,99641.0,158274.0,249528.0,39182.0,185597.0,67743.0,57317.0,117779.0,105251.0,79131.0,263253.0,282430.0,1332332.0,270967.0,87236.0,158567.0,163091.0,63325.0,55493.0,51475.0,104472.0,72668.0,172816.0,126094.0,59128.0,72293.0,25748.0,22330.0,46457.0,72361.0,79554.0,20273.0,127477.0,124138.0,113748.0,7921.0,17882.0,18304.0,99010.0,158870.0,116440.0,26939.0,72535.0,66733.0,61934.0,15382.0,16122.0,41550.0,54076.0,158694.0,259944.0,85284.0,103354.0,26665.0,57999.0,68227.0,167176.0,98244.0,232517.0,351995.0,5172471.0,355780.0,296235.0,15763.0,146576.0,90849.0,22641.0,19832.0,107959.0,61990.0,299922.0,158809.0,65659.0,7812.0,16366.0,36929.0,56752.0,59255.0,53582.0,28827.0,106881.0,153566.0,71561.0,34680.0,41529.0,11056.0,104118.0,66218.0,138792.0,25572.0,71999.0,63912.0,37082.0,38681.0,39242.0,91051.0,73440.0,64485.0,94181.0,53901.0,77138.0,68345.0,33390.0,61913.0,137888.0,170722.0,111993.0,147794.0,479471.0,168836.0,166335.0,120812.0
1783674891.0537982,0.0,80739.0,43875.0,11175.0,53731.0,74393.0,158586.0,15969.0,20093.0,32574.0,74317.0,31330.0,108874.0,95258.0,67350.0,55445.0,181295.0,322268.0,100294.0,138940.0,135254.0,211705.0,228135.0,163105.0,111908.0,94415.0,440401.0,1033993.0,852158.0,288517.0,225786.0,190898.0,347633.0,127505.0,100237.0,56899.0,82399.0,139350.0,280610.0,94036.0,57551.0,82212.0,35339.0,55936.0,96037.0,47337.0,81194.0,83748.0,91787.0,128131.0,123757.0,101966.0,63119.0,57202.0,140501.0,160736.0,126041.0,94508.0,112215.0,45353.0,133022.0,40729.0,38720.0,81791.0,87315.0,104913.0,289002.0,175854.0,175723.0,105217.0,169142.0,168061.0,302917.0,375391.0,508126.0,798952.0,4950179.0,1129768.0,596449.0,317946.0,187228.0,172671.0,221969.0,62658.0,153945.0,123250.0,147835.0,303386.0,143275.0,73785.0,60737.0,91983.0,134759.0,46430.0,116976.0,101714.0,89150.0,88264.0,167956.0,35458.0,70988.0,84073.0,62670.0,24303.0,72811.0,105149.0,57683.0,46269.0,55310.0,106253.0,99582.0,76509.0,80139.0,84847.0,131518.0,42553.0,39582.0,52095.0,69729.0,76539.0,291118.0,111419.0,43518.0,61141.0,165277.0,626580.0,256046.0,100827.0
1783674893.6123497,0.0,53833.0,79392.0,28275.0,50906.0,179834.0,106422.0,99642.0,46823.0,31918.0,29333.0,45344.0,56158.0,95572.0,102915.0,137492.0,353804.0,162822.0,90515.0,15922.0,45596.0,134752.0,243079.0,44136.0,36930.0,69286.0,305444.0,1393960.0,359027.0,123892.0,75990.0,33308.0,45747.0,268985.0,125921.0,49305.0,59205.0,75066.0,228503.0,31595.0,5111.0,39225.0,42342.0,53519.0,106894.0,17181.0,30900.0,12650.0,69094.0,195725.0,27171.0,98445.0,78578.0,108912.0,124300.0,195475.0,39941.0,79957.0,104723.0,148570.0,60171.0,71740.0,58972.0,55484.0,62802.0,97892.0,387832.0,218748.0,211395.0,249636.0,193285.0,295088.0,311745.0,395260.0,606050.0,1068258.0,4436419.0,1979323.0,846192.0,518897.0,363088.0,272555.0,187089.0,270254.0,203327.0,199689.0,123218.0,325106.0,134638.0,116017.0,117516.0,146290.0,126278.0,143855.0,69956.0,50313.0,30481.0,87027.0,249506.0,125655.0,86966.0,104173.0,55523.0,147738.0,104301.0,84914.0,89524.0,83594.0,142668.0,199642.0,106175.0,42351.0,57815.0,75706.0,141806.0,194527.0,142265.0,108009.0,136986.0,242292.0,207391.0,39615.0,119547.0,141192.0,183342.0,374676.0,354277.0,161620.0
1783674896.1783257,0.0,92157.0,99199.0,93753.0,89449.0,17325.0,66837.0,14566.0,51292.0,89913.0,45355.0,88117.0,135777.0,114309.0,294957.0,223416.0,80596.0,22441.0,44311.0,146673.0,50699.0,80481.0,142021.0,146004.0,683511.0,1143156.0,832167.0,246409.0,80636.0,82015.0,54405.0,38495.0,83034.0,56842.0,12772.0,124122.0,164847.0,66819.0,102926.0,162112.0,183150.0,115877.0,58397.0,39558.0,81581.0,100601.0,86107.0,130015.0,113795.0,32782.0,154189.0,92963.0,40369.0,23206.0,87561.0,84636.0,230287.0,159600.0,43286.0,137246.0,239857.0,56735.0,152717.0,230071.0,161093.0,64208.0,382641.0,94515.0,200686.0,309383.0,204055.0,277035.0,529669.0,394052.0,372123.0,1483473.0,1740616.0,3575102.0,2430430.0,1153804.0,154191.0,578882.0,506249.0,53658.0,378782.0,308239.0,35986.0,332626.0,339033.0,194926.0,86044.0,137434.0,146257.0,150141.0,200761.0,80497.0,59894.0,96772.0,62979.0,147798.0,153244.0,232459.0,86693.0,169937.0,169462.0,26270.0,85880.0,89711.0,108972.0,86130.0,163070.0,47033.0,110207.0,235498.0,46290.0,279029.0,150859.0,205895.0,104543.0,131578.0,122104.0,59622.0,89626.0,153497.0,150728.0,192844.0,560655.0,321150.0
1783674898.7433212,0.0,59312.0,137642.0,93723.0,26233.0,30586.0,28686.0,63078.0,38436.0,137666.0,38576.0,150477.0,242847.0,197153.0,175961.0,67581.0,48041.0,47532.0,105346.0,79495.0,92965.0,283708.0,637026.0,1074032.0,696361.0,204288.0,139679.0,53154.0,130990.0,106632.0,94727.0,143692.0,87037.0,53811.0,210114.0,147743.0,49333.0,41226.0,42635.0,86827.0,86097.0,99542.0,64951.0,123194.0,157738.0,95379.0,158733.0,125331.0,71661.0,47810.0,77176.0,35476.0,85060.0,120585.0,18814.0,64691.0,148442.0,121158.0,130726.0,71412.0,106912.0,102766.0,126193.0,122022.0,101703.0,52796.0,182088.0,229735.0,68633.0,175125.0,232594.0,186626.0,212824.0,248121.0,443205.0,589446.0,952391.0,2501024.0,4001834.0,1386918.0,721398.0,444407.0,437920.0,345678.0,276702.0,230284.0,219382.0,321720.0,480986.0,83111.0,122988.0,81167.0,67964.0,55793.0,116418.0,121377.0,76152.0,53930.0,111710.0,286453.0,90258.0,94007.0,145567.0,49770.0,55072.0,58821.0,72389.0,32528.0,47480.0,40604.0,174110.0,167792.0,272615.0,180161.0,204412.0,126968.0,74668.0,72348.0,68997.0,33249.0,29424.0,253976.0,167500.0,213805.0,308074.0,308665.0,170674.0,159890.0
1783674901.299389,0.0,98822.0,93034.0,89435.0,57516.0,50194.0,54332.0,53923.0,96491.0,110475.0,295166.0,125657.0,59063.0,107503.0,70401.0,64824.0,50581.0,78792.0,123388.0,238403.0,492125.0,996508.0,829245.0,335553.0,157237.0,223526.0,119685.0,57723.0,103691.0,92858.0,76596.0,24405.0,173086.0,290903.0,261294.0,122947.0,146443.0,82918.0,30042.0,49620.0,57208.0,50578.0,53769.0,73600.0,220884.0,52265.0,144916.0,89194.0,128264.0,93045.0,27571.0,15869.0,76270.0,58318.0,81695.0,116818.0,162273.0,140306.0,146187.0,64566.0,78803.0,25677.0,26283.0,48150.0,80118.0,30769.0,87859.0,437170.0,159494.0,145974.0,180303.0,168353.0,165998.0,199309.0,261348.0,361262.0,514995.0,871233.0,4868249.0,1227982.0,678979.0,373833.0,286370.0,219784.0,152016.0,178838.0,165274.0,179227.0,111060.0,302194.0,205474.0,60316.0,60480.0,39739.0,31772.0,36010.0,80791.0,80323.0,145619.0,56592.0,87821.0,192337.0,58391.0,52849.0,39236.0,21334.0,60907.0,105660.0,129139.0,119091.0,186547.0,48511.0,114604.0,83598.0,81100.0,89025.0,36619.0,47662.0,57411.0,133918.0,250731.0,481236.0,369043.0,114771.0,120252.0,101466.0,31844.0,38420.0
1783674903.8631115,0.0,63448.0,78941.0,38544.0,100667.0,82221.0,94102.0,101094.0,362967.0,155715.0,33424.0,110638.0,104361.0,35199.0,118302.0,138412.0,110120.0,165870.0,239440.0,786566.0,1008959.0,491348.0,275200.0,152664.0,81088.0,56437.0,103942.0,50902.0,147401.0,109705.0,47507.0,246840.0,118030.0,28492.0,90716.0,88456.0,94172.0,101311.0,112897.0,77072.0,187003.0,44066.0,94933.0,155318.0,51252.0,46068.0,77282.0,17157.0,32257.0,78112.0,146335.0,39339.0,87718.0,146610.0,100352.0,164308.0,68175.0,42176.0,97340.0,25647.0,27587.0,69266.0,121299.0,103318.0,103860.0,10236.0,91788.0,317874.0,123005.0,60644.0,114585.0,213545.0,194904.0,132326.0,206246.0,314970.0,523757.0,650478.0,1303703.0,4809446.0,883003.0,459770.0,431837.0,315303.0,232771.0,149325.0,210190.0,229580.0,106855.0,153020.0,329635.0,189105.0,149711.0,72718.0,63503.0,69870.0,129659.0,88309.0,108742.0,25142.0,37372.0,13865.0,136488.0,45727.0,71834.0,187610.0,197015.0,111737.0,123366.0,114224.0,38299.0,36084.0,115274.0,27875.0,110902.0,73984.0,157134.0,331577.0,403871.0,190495.0,133888.0,145462.0,128923.0,60685.0,15688.0,69141.0,74568.0,199289.0
1783674906.444288,0.0,57151.0,21823.0,41371.0,58531.0,251949.0,377945.0,62461.0,93963.0,60261.0,93456.0,77233.0,91502.0,162195.0,137681.0,160416.0,571339.0,1103133.0,561097.0,382435.0,176008.0,219490.0,38131.0,89048.0,140003.0,77220.0,133992.0,1888.0,151500.0,99019.0,150479.0,54124.0,119051.0,30112.0,27334.0,91580.0,116234.0,41423.0,112254.0,118799.0,129451.0,177477.0,10614.0,163448.0,104340.0,167197.0,67212.0,133271.0,50865.0,103857.0,65840.0,60765.0,65349.0,170808.0,128655.0,168726.0,51597.0,215262.0,157217.0,259507.0,157733.0,112674.0,214934.0,116816.0,223863.0,317645.0,102760.0,105275.0,440670.0,174755.0,303680.0,329531.0,224286.0,486758.0,644995.0,352388.0,421981.0,899624.0,793301.0,3652469.0,1789431.0,1572253.0,1679448.0,1014538.0,391306.0,488396.0,382450.0,193233.0,224401.0,110941.0,396906.0,186015.0,398588.0,245065.0,260672.0,264127.0,223868.0,76323.0,112513.0,171825.0,210541.0,142864.0,254928.0,167671.0,132723.0,124528.0,116835.0,39849.0,92492.0,133197.0,37453.0,104299.0,141793.0,84280.0,131525.0,423235.0,138453.0,97712.0,92644.0,86476.0,74957.0,107949.0,86503.0,70829.0,38982.0,34118.0,146998.0,31298.0
1783674908.999353,0.0,22525.0,95745.0,126734.0,151679.0,281735.0,92794.0,153787.0,148928.0,121707.0,59831.0,74369.0,57099.0,20711.0,213926.0,251159.0,1358276.0,357749.0,165267.0,109677.0,73617.0,95529.0,38295.0,42929.0,121847.0,67937.0,53188.0,238590.0,58974.0,94384.0,72307.0,33379.0,53244.0,62492.0,5496.0,157384.0,76918.0,65700.0,49567.0,61605.0,33020.0,51089.0,26350.0,75790.0,33707.0,105826.0,57041.0,162904.0,164207.0,47198.0,80739.0,84444.0,5957.0,65080.0,39584.0,88164.0,49373.0,112746.0,58012.0,111344.0,110850.0,172888.0,35833.0,63844.0,103433.0,20347.0,93939.0,75742.0,86733.0,310406.0,77518.0,100959.0,152563.0,75871.0,52765.0,96305.0,76922.0,93976.0,211932.0,389601.0,5186147.0,351895.0,233137.0,61537.0,70924.0,88444.0,60873.0,105549.0,164462.0,132980.0,94598.0,325909.0,127591.0,88658.0,102638.0,7498.0,142603.0,48194.0,72133.0,161598.0,143275.0,200418.0,74433.0,148699.0,105969.0,115650.0,51569.0,63587.0,33501.0,46077.0,155119.0,118037.0,485478.0,274204.0,108551.0,112901.0,59123.0,87720.0,24392.0,25031.0,79508.0,40632.0,42306.0,139647.0,58178.0,126347.0,41479.0,48998.0
1783674911.56124,0.0,103086.0,148261.0,323294.0,154637.0,24747.0,49915.0,13489.0,112770.0,75527.0,88149.0,58690.0,164610.0,67374.0,256362.0,784094.0,1070384.0,382844.0,275235.0,34834.0,229516.0,55169.0,110801.0,66704.0,97031.0,66490.0,82896.0,131965.0,192828.0,51835.0,68699.0,41079.0,115066.0,106783.0,63398.0,99776.0,31862.0,123942.0,41156.0,52140.0,149833.0,103316.0,81131.0,67900.0,124654.0,65491.0,69784.0,58223.0,67545.0,216805.0,26836.0,75246.0,90130.0,23027.0,38930.0,75636.0,170411.0,82315.0,79675.0,88908.0,48327.0,240421.0,48861.0,101274.0,161818.0,43839.0,98823.0,33964.0,288022.0,68625.0,61229.0,77095.0,120707.0,69916.0,154735.0,40992.0,262709.0,105291.0,372773.0,677952.0,5061453.0,852973.0,374481.0,126749.0,242442.0,67883.0,146801.0,72304.0,117510.0,49877.0,29789.0,18939.0,273357.0,186601.0,144569.0,97370.0,200356.0,94294.0,85815.0,344121.0,19830.0,59638.0,82899.0,58806.0,142473.0,61495.0,28901.0,40891.0,94345.0,24917.0,89109.0,513643.0,212316.0,141160.0,152969.0,30022.0,177931.0,90990.0,89534.0,88430.0,98210.0,13566.0,61127.0,153183.0,64114.0,49057.0,53560.0,93045.0
1783674914.1190505,0.0,33608.0,52130.0,238504.0,217163.0,154549.0,113817.0,120266.0,46163.0,124629.0,49757.0,9954.0,59608.0,87230.0,125745.0,355657.0,1370755.0,385355.0,147214.0,77290.0,106753.0,106329.0,20659.0,48787.0,8095.0,21992.0,37762.0,101888.0,203738.0,113403.0,27452.0,80527.0,45327.0,39744.0,47351.0,140094.0,74099.0,34723.0,79006.0,68521.0,50338.0,98161.0,44378.0,112601.0,52508.0,65459.0,74811.0,139885.0,144240.0,98902.0,53892.0,63249.0,27841.0,81957.0,52811.0,125295.0,65031.0,105763.0,100821.0,78691.0,74304.0,192144.0,53448.0,17544.0,75437.0,76960.0,22381.0,158270.0,250370.0,139803.0,48651.0,62603.0,6797.0,61739.0,30280.0,72689.0,107391.0,82039.0,168278.0,446009.0,5191540.0,436024.0,161410.0,87885.0,87943.0,35645.0,42054.0,94627.0,24286.0,97056.0,86397.0,159351.0,257057.0,208755.0,36512.0,58682.0,97190.0,12052.0,57326.0,231802.0,145441.0,125169.0,117035.0,124491.0,63116.0,136348.0,53695.0,42665.0,34067.0,75282.0,78440.0,227065.0,494023.0,273027.0,111539.0,72868.0,84774.0,122377.0,29432.0,67215.0,27690.0,22977.0,57823.0,54994.0,137350.0,104616.0,39242.0,65520.0
1783674916.7022774,0.0,77897.0,38518.0,259177.0,212208.0,175693.0,240019.0,165394.0,133989.0,69902.0,126267.0,81201.0,34565.0,267423.0,287146.0,1027485.0,810343.0,273691.0,242709.0,90789.0,92377.0,245490.0,108564.0,163494.0,142063.0,83691.0,138838.0,230477.0,94823.0,116995.0,95708.0,68666.0,117130.0,207211.0,50569.0,120869.0,93144.0,116375.0,96375.0,83732.0,114218.0,32788.0,11522.0,103008.0,148810.0,138041.0,174775.0,125305.0,150846.0,218066.0,196198.0,88970.0,143492.0,24896.0,66140.0,123649.0,162804.0,150322.0,112145.0,84705.0,137053.0,226737.0,347409.0,246748.0,202421.0,255791.0,168520.0,69471.0,254532.0,95808.0,71092.0,34206.0,54207.0,77885.0,229782.0,103266.0,149691.0,179940.0,327815.0,499190.0,4332585.0,1843488.0,1139367.0,786195.0,742712.0,661566.0,522186.0,598618.0,457783.0,429835.0,324365.0,238320.0,345730.0,235466.0,209980.0,154071.0,46870.0,52832.0,111240.0,380861.0,179759.0,179372.0,52687.0,22382.0,64575.0,193357.0,73473.0,70633.0,181766.0,101990.0,139669.0,630897.0,107816.0,74008.0,91587.0,163813.0,218576.0,30528.0,99662.0,72295.0,77916.0,49425.0,22041.0,162961.0,25459.0,98030.0,204291.0,113476.0
1783674919.260612,0.0,87702.0,210180.0,199103.0,155225.0,128891.0,86458.0,103877.0,14641.0,91052.0,192326.0,112215.0,196945.0,389250.0,620235.0,1097586.0,528569.0,224188.0,148092.0,155932.0,158038.0,151474.0,48188.0,149723.0,57056.0,156205.0,105505.0,202855.0,134673.0,29332.0,131378.0,35640.0,162201.0,70141.0,63558.0,117935.0,49207.0,136134.0,51724.0,163995.0,57172.0,36965.0,113643.0,74331.0,172768.0,109204.0,23590.0,65825.0,98331.0,105273.0,88197.0,173150.0,27420.0,73727.0,163945.0,93327.0,271279.0,81837.0,64539.0,92839.0,90966.0,164434.0,173483.0,39180.0,215332.0,114465.0,172838.0,142635.0,378397.0,61826.0,106776.0,148940.0,147892.0,233576.0,248255.0,222871.0,456234.0,471766.0,711936.0,1133290.0,3759784.0,2804740.0,1185658.0,640434.0,468616.0,356125.0,325933.0,260154.0,242598.0,283836.0,238976.0,293608.0,308085.0,193652.0,89969.0,105324.0,215665.0,167480.0,173233.0,88591.0,145727.0,106141.0,104587.0,147467.0,94274.0,164168.0,19094.0,82857.0,189892.0,270632.0,432278.0,354712.0,92344.0,43698.0,59492.0,93099.0,46140.0,84555.0,34102.0,52082.0,84110.0,54125.0,202265.0,125061.0,66398.0,48739.0,49305.0,61149.0
1783674921.8206062,0.0,386202.0,40037.0,36991.0,27521.0,31953.0,37107.0,48302.0,93618.0,158686.0,40212.0,116422.0,467770.0,982455.0,793045.0,427082.0,218907.0,166453.0,101078.0,45917.0,97980.0,130173.0,44947.0,69771.0,185900.0,165609.0,136959.0,102810.0,79402.0,88947.0,110381.0,95313.0,51607.0,5586.0,86495.0,63694.0,45820.0,61082.0,161274.0,42140.0,69487.0,79138.0,55670.0,46225.0,125249.0,69256.0,86842.0,33557.0,101415.0,60063.0,84859.0,55914.0,32738.0,202155.0,88471.0,107591.0,204960.0,14620.0,89872.0,71523.0,45424.0,72651.0,78591.0,67111.0,89872.0,122180.0,203521.0,78493.0,80501.0,312696.0,191442.0,76118.0,109994.0,158491.0,120258.0,82649.0,145001.0,275676.0,334975.0,357211.0,984311.0,4997916.0,819742.0,178620.0,245271.0,281601.0,138581.0,51978.0,108933.0,117938.0,113295.0,48029.0,141276.0,432452.0,82846.0,177411.0,186111.0,117402.0,63723.0,28623.0,56614.0,106567.0,33166.0,26494.0,106213.0,93056.0,244519.0,267350.0,396842.0,345745.0,39653.0,71719.0,68038.0,51347.0,92592.0,80083.0,46041.0,67005.0,167616.0,47603.0,111825.0,31551.0,65007.0,61454.0,131657.0,78889.0,47215.0,32242.0
1783674924.3804772,0.0,24301.0,51360.0,32092.0,57631.0,30591.0,105734.0,55765.0,66492.0,96643.0,123441.0,197670.0,559900.0,1074210.0,384619.0,161900.0,120821.0,126199.0,93181.0,116714.0,105318.0,101644.0,94213.0,79122.0,141056.0,299241.0,112141.0,45234.0,24602.0,28981.0,36337.0,31701.0,20509.0,14862.0,19135.0,25705.0,48654.0,20384.0,95588.0,30986.0,41386.0,44153.0,27876.0,32819.0,42202.0,58885.0,45172.0,30332.0,36173.0,70718.0,53413.0,55471.0,24973.0,40112.0,63542.0,35095.0,106402.0,31822.0,18866.0,17689.0,19373.0,26187.0,22131.0,34491.0,23766.0,53418.0,52160.0,134333.0,337254.0,365638.0,175190.0,104354.0,110240.0,111865.0,156407.0,138019.0,113135.0,162519.0,187847.0,249489.0,629277.0,5056063.0,715772.0,266529.0,188975.0,151812.0,108511.0,112172.0,160112.0,78230.0,97754.0,90273.0,142030.0,246974.0,636983.0,131514.0,34833.0,35696.0,16504.0,22864.0,49394.0,28938.0,11987.0,35862.0,46321.0,97084.0,278062.0,248572.0,162378.0,74817.0,47211.0,77974.0,72120.0,84424.0,56633.0,63774.0,67991.0,56670.0,81560.0,133360.0,68603.0,29605.0,30013.0,34749.0,58162.0,6606.0,54864.0,20831.0
1783674926.9514194,0.0,356321.0,63142.0,89758.0,61801.0,43079.0,77523.0,112831.0,93137.0,177714.0,237196.0,463761.0,829684.0,999797.0,426760.0,163438.0,174849.0,65426.0,186154.0,86984.0,56648.0,66460.0,94193.0,110752.0,133948.0,99510.0,185290.0,76196.0,39746.0,47277.0,90587.0,38667.0,61666.0,86313.0,72150.0,53406.0,75332.0,80719.0,141473.0,8914.0,69948.0,37604.0,43146.0,142745.0,56799.0,119995.0,50924.0,77110.0,98946.0,81611.0,92824.0,157501.0,141024.0,95793.0,109495.0,241815.0,73018.0,111345.0,16951.0,8681.0,65391.0,40088.0,127251.0,144776.0,42787.0,79287.0,132492.0,93085.0,209904.0,253353.0,137303.0,182234.0,223516.0,42214.0,268901.0,496407.0,499294.0,89375.0,526272.0,1302691.0,1943075.0,2802484.0,2663699.0,1878211.0,997960.0,195122.0,352375.0,563655.0,423478.0,129449.0,225868.0,420618.0,338540.0,307437.0,165878.0,486793.0,236467.0,23115.0,171041.0,206996.0,152360.0,40784.0,140223.0,322293.0,267010.0,66217.0,328305.0,358184.0,81879.0,225024.0,195769.0,85277.0,85337.0,136161.0,99248.0,112691.0,125678.0,141352.0,131564.0,99671.0,143244.0,18568.0,108220.0,148474.0,55603.0,91794.0,80712.0,124164.0
1783674929.5126643,0.0,145364.0,265510.0,60391.0,182231.0,166453.0,120293.0,96496.0,202155.0,332848.0,64873.0,1303593.0,141557.0,225153.0,111614.0,251383.0,79889.0,35845.0,52191.0,39375.0,49673.0,50481.0,52604.0,41943.0,261862.0,42718.0,64544.0,122844.0,79547.0,41595.0,144975.0,28481.0,28294.0,81354.0,50746.0,39134.0,54968.0,119610.0,72741.0,90026.0,88190.0,40589.0,46948.0,101345.0,62647.0,70555.0,55958.0,113424.0,53024.0,115183.0,23967.0,61507.0,54821.0,15371.0,77900.0,73155.0,213400.0,67501.0,122300.0,89293.0,140794.0,69839.0,56802.0,183396.0,70918.0,111869.0,162222.0,68721.0,66162.0,384535.0,121318.0,181799.0,93704.0,258671.0,257998.0,232059.0,194125.0,193510.0,482731.0,427985.0,589661.0,2074377.0,4377197.0,1310439.0,559708.0,300474.0,375215.0,262312.0,133612.0,112563.0,83121.0,322221.0,54346.0,153047.0,104666.0,362887.0,249221.0,158291.0,101428.0,75222.0,34256.0,82578.0,252188.0,179378.0,444283.0,84643.0,158717.0,223738.0,156831.0,141720.0,138333.0,110330.0,44379.0,74823.0,67071.0,91044.0,124150.0,130649.0,131235.0,85080.0,179382.0,70146.0,69039.0,56530.0,28401.0,55324.0,75658.0,133063.0
1783674932.0623004,0.0,55040.0,119767.0,289404.0,121407.0,159035.0,46623.0,104929.0,207429.0,181776.0,1423814.0,216111.0,268089.0,86345.0,54196.0,60980.0,98975.0,56166.0,52239.0,41291.0,38390.0,1854.0,9339.0,291658.0,6800.0,24276.0,42391.0,60559.0,72993.0,66842.0,122849.0,45882.0,19568.0,31594.0,53127.0,62296.0,213203.0,50579.0,4258.0,22346.0,55605.0,28005.0,17717.0,113467.0,47854.0,55321.0,9161.0,69007.0,28514.0,152147.0,9542.0,15924.0,58846.0,17533.0,24736.0,38504.0,197047.0,80259.0,74957.0,45955.0,80651.0,80059.0,261217.0,70249.0,88408.0,82269.0,33367.0,56688.0,40299.0,354953.0,21158.0,9828.0,26871.0,71062.0,97074.0,72380.0,100514.0,51223.0,60026.0,116658.0,311472.0,254917.0,5207000.0,240769.0,283129.0,124890.0,68673.0,121837.0,128018.0,169561.0,130360.0,75734.0,14751.0,27519.0,71958.0,360879.0,83992.0,129867.0,8543.0,87138.0,132106.0,112888.0,590075.0,146362.0,174614.0,60897.0,72920.0,88385.0,152840.0,46068.0,36512.0,6995.0,46548.0,10197.0,14333.0,213756.0,13590.0,60705.0,28919.0,37566.0,64308.0,86784.0,57672.0,38538.0,29037.0,22832.0,26046.0,55642.0
1783674937.1484714,0.0,95084.0,149333.0,128328.0,243546.0,232955.0,340233.0,776148.0,920450.0,480030.0,186918.0,110590.0,159248.0,73608.0,92683.0,67072.0,36933.0,46123.0,107701.0,155292.0,96955.0,201171.0,123120.0,60985.0,45755.0,55364.0,31653.0,28404.0,61924.0,13502.0,116445.0,69804.0,57185.0,61292.0,83151.0,68722.0,33210.0,38406.0,53262.0,54437.0,26557.0,24038.0,32735.0,95430.0,84852.0,95153.0,114388.0,64434.0,66535.0,77503.0,55874.0,53075.0,101464.0,64468.0,51972.0,90360.0,63807.0,102035.0,63083.0,37630.0,15206.0,134897.0,49501.0,81055.0,85469.0,75557.0,110206.0,45599.0,54002.0,151526.0,367537.0,175069.0,257180.0,286232.0,209420.0,280368.0,111475.0,432823.0,137599.0,589455.0,335387.0,992681.0,2624852.0,3665802.0,1795119.0,572645.0,664663.0,413191.0,368877.0,285302.0,224176.0,172497.0,78358.0,225206.0,87036.0,94654.0,42805.0,387580.0,280752.0,416824.0,394600.0,76368.0,163571.0,176761.0,96823.0,175024.0,197423.0,163669.0,186376.0,100692.0,39547.0,57148.0,99387.0,4108.0,10406.0,87761.0,29391.0,66960.0,79017.0,22082.0,80271.0,104269.0,86182.0,103462.0,130986.0,65784.0,97259.0,147960.0
1783674937.2231433,0.0,221958.0,16215.0,127172.0,306110.0,1312923.0,116605.0,145846.0,338265.0,187058.0,33134.0,14820.0,14253.0,51883.0,48667.0,86616.0,20935.0,17254.0,172334.0,185447.0,112762.0,31603.0,139149.0,91820.0,120706.0,82207.0,40561.0,93964.0,89280.0,68029.0,26163.0,184966.0,90205.0,26417.0,65872.0,121135.0,55240.0,76658.0,103832.0,7273.0,63723.0,55128.0,122461.0,15391.0,140468.0,32872.0,150365.0,13349.0,71231.0,72053.0,60290.0,31984.0,9218.0,131006.0,71033.0,100223.0,87133.0,79101.0,153593.0,138530.0,61221.0,77625.0,24081.0,109518.0,139151.0,147942.0,177698.0,205360.0,144588.0,128590.0,262638.0,404517.0,86772.0,151195.0,394961.0,340425.0,222131.0,479358.0,722889.0,258747.0,61880.0,1104651.0,1887745.0,2167223.0,2061348.0,3092922.0,1027473.0,508321.0,381951.0,727877.0,188052.0,247664.0,395167.0,305142.0,299673.0,327497.0,403425.0,205127.0,193765.0,134182.0,248624.0,180863.0,72990.0,73347.0,261138.0,226054.0,101237.0,157995.0,166104.0,151502.0,77672.0,167201.0,71276.0,110869.0,62025.0,81456.0,99151.0,142889.0,93393.0,80954.0,99238.0,78279.0,98461.0,52226.0,162087.0,65909.0,13486.0,86670.0
1783674939.7784576,0.0,169613.0,81934.0,601583.0,532711.0,1069355.0,128724.0,505926.0,24151.0,401898.0,221271.0,111012.0,169234.0,62139.0,110988.0,9308.0,105165.0,38730.0,187333.0,52022.0,53223.0,91141.0,125276.0,47198.0,53130.0,21611.0,91555.0,62753.0,100484.0,73730.0,88792.0,101454.0,27202.0,81430.0,77579.0,42534.0,75252.0,48152.0,54506.0,43776.0,71704.0,51683.0,27114.0,56910.0,119195.0,25763.0,19315.0,83275.0,84496.0,44556.0,38626.0,26928.0,45197.0,41917.0,75481.0,100069.0,23757.0,158149.0,85581.0,91557.0,80716.0,46235.0,65386.0,52534.0,59969.0,25874.0,81746.0,62953.0,59545.0,105904.0,161543.0,240804.0,76480.0,95664.0,129374.0,232629.0,343301.0,119185.0,318037.0,294319.0,95401.0,576346.0,105338.0,1333850.0,4826799.0,1143708.0,51531.0,418346.0,120961.0,152867.0,239833.0,95368.0,316736.0,602429.0,136479.0,285279.0,8143.0,397404.0,9875.0,112014.0,56135.0,30697.0,82660.0,27102.0,74762.0,73544.0,114167.0,20075.0,21853.0,91158.0,127765.0,130784.0,43802.0,80889.0,94813.0,56045.0,73950.0,38208.0,76818.0,22989.0,66822.0,76180.0,61101.0,27830.0,114364.0,63856.0,51582.0,5350.0
1783674942.3382812,0.0,63210.0,205842.0,566566.0,798702.0,924935.0,91717.0,171836.0,92447.0,272126.0,56522.0,107927.0,179117.0,72150.0,83836.0,105864.0,81830.0,111909.0,279625.0,15922.0,64224.0,61703.0,99676.0,159603.0,101052.0,133591.0,46142.0,77256.0,60164.0,45421.0,120011.0,100319.0,34344.0,38021.0,48986.0,48729.0,124663.0,57998.0,64736.0,41499.0,32588.0,7003.0,3127.0,89889.0,34069.0,69170.0,33267.0,44215.0,17735.0,13612.0,117619.0,60527.0,95460.0,60030.0,27735.0,33091.0,27044.0,174371.0,100885.0,65529.0,83964.0,58615.0,71350.0,159258.0,60343.0,61878.0,162708.0,57490.0,91460.0,119591.0,324715.0,56948.0,77093.0,73784.0,60936.0,203894.0,171352.0,42642.0,95009.0,226583.0,158297.0,197315.0,150474.0,1161452.0,4938787.0,1014464.0,226655.0,164292.0,239734.0,92904.0,110352.0,146536.0,35639.0,518996.0,76261.0,110588.0,71743.0,194444.0,210106.0,171751.0,151597.0,56499.0,147061.0,93610.0,39662.0,160807.0,150665.0,41130.0,78638.0,62333.0,61287.0,211531.0,76005.0,84016.0,22095.0,76112.0,41096.0,34557.0,136311.0,38311.0,24427.0,56848.0,53386.0,48227.0,94303.0,75856.0,22545.0,33459.0
1783674944.8923056,0.0,71247.0,328907.0,421338.0,1265150.0,322950.0,430920.0,140319.0,126027.0,101894.0,384614.0,71875.0,112800.0,46217.0,97361.0,121330.0,27609.0,113095.0,252485.0,130352.0,113499.0,86954.0,29670.0,95092.0,79815.0,59657.0,69262.0,62783.0,51019.0,120364.0,20872.0,131220.0,74366.0,89477.0,35596.0,70172.0,31843.0,65256.0,7730.0,42035.0,46240.0,83936.0,7583.0,139698.0,26062.0,132476.0,25718.0,78748.0,46681.0,47647.0,26708.0,46571.0,20727.0,42058.0,10797.0,99843.0,105507.0,150225.0,38407.0,122830.0,82491.0,72157.0,98870.0,44032.0,21584.0,70614.0,24053.0,56694.0,70384.0,136227.0,362279.0,135306.0,69580.0,133325.0,160408.0,48485.0,183872.0,107830.0,307839.0,57466.0,132813.0,125779.0,501863.0,474561.0,5139064.0,518990.0,446084.0,99450.0,118065.0,30388.0,269762.0,246860.0,436954.0,156898.0,281894.0,135382.0,108112.0,127608.0,417298.0,105331.0,60883.0,51855.0,49348.0,86124.0,16242.0,70017.0,153972.0,99760.0,112187.0,108328.0,46191.0,130905.0,114360.0,88310.0,36294.0,51253.0,26794.0,85207.0,34006.0,87530.0,52549.0,77310.0,40511.0,103441.0,38476.0,110827.0,12765.0,70695.0
1783674947.4547853,0.0,690391.0,1356031.0,341026.0,29152.0,374254.0,129838.0,113219.0,144199.0,130724.0,50506.0,119143.0,261880.0,49255.0,59032.0,10639.0,191212.0,74220.0,57839.0,72589.0,41658.0,45780.0,6682.0,48609.0,45626.0,57369.0,133070.0,33555.0,81024.0,34047.0,86391.0,36637.0,52286.0,48782.0,39385.0,48226.0,17102.0,50503.0,55579.0,51946.0,79531.0,37661.0,89396.0,33675.0,58852.0,25322.0,61887.0,45395.0,34165.0,62295.0,32785.0,59468.0,74439.0,73254.0,68809.0,49346.0,128920.0,44476.0,44962.0,28740.0,87503.0,64189.0,50078.0,92192.0,38691.0,80991.0,132543.0,89948.0,64337.0,109902.0,229193.0,113649.0,111052.0,72145.0,188358.0,107133.0,158462.0,258987.0,176371.0,197463.0,419120.0,499095.0,327362.0,639584.0,2438612.0,4142950.0,1619051.0,990384.0,581599.0,183836.0,361348.0,343735.0,260279.0,243703.0,275060.0,231903.0,125751.0,113453.0,268047.0,126281.0,106726.0,85613.0,116876.0,48535.0,119426.0,124331.0,72932.0,90869.0,116858.0,86982.0,85610.0,70847.0,115645.0,79749.0,99920.0,49040.0,80806.0,44526.0,79777.0,70678.0,62959.0,68822.0,70575.0,70467.0,80820.0,51813.0,89318.0,50093.0
1783674950.0175614,0.0,1129523.0,858879.0,480267.0,112521.0,462274.0,322265.0,194613.0,228921.0,116587.0,181329.0,84372.0,131813.0,228311.0,85418.0,91394.0,171155.0,99428.0,143139.0,48760.0,68902.0,115716.0,9219.0,3961.0,53204.0,66585.0,71139.0,66011.0,146701.0,39903.0,13477.0,132958.0,135080.0,34038.0,62590.0,62519.0,31281.0,39928.0,57619.0,36669.0,79211.0,155462.0,69342.0,39134.0,67271.0,100836.0,49734.0,62147.0,34618.0,20882.0,23917.0,80185.0,56492.0,19416.0,125651.0,93508.0,124055.0,95671.0,55619.0,10485.0,102163.0,68700.0,40812.0,50864.0,56392.0,83732.0,103768.0,106861.0,74642.0,202654.0,270049.0,59952.0,57501.0,163449.0,127187.0,141554.0,80438.0,264981.0,297496.0,96031.0,461916.0,498038.0,272856.0,773733.0,795691.0,5013894.0,415024.0,791442.0,598999.0,311027.0,393409.0,274108.0,253463.0,295114.0,67818.0,117257.0,209812.0,77147.0,128229.0,158920.0,211479.0,196044.0,31437.0,114088.0,164187.0,34107.0,78732.0,100400.0,32748.0,32551.0,75287.0,32513.0,2863.0,130271.0,193890.0,67030.0,67336.0,95248.0,74362.0,61185.0,37972.0,31130.0,30050.0,63535.0,61227.0,19846.0,71691.0,120174.0
1783674952.5753891,0.0,1151062.0,513577.0,227337.0,150601.0,72001.0,13653.0,38435.0,67563.0,95471.0,26934.0,109048.0,98875.0,189225.0,225452.0,104935.0,156684.0,124665.0,64555.0,50798.0,8759.0,19828.0,21525.0,17183.0,43897.0,61026.0,82531.0,54866.0,116361.0,125683.0,72148.0,90124.0,61012.0,48295.0,31892.0,9431.0,21914.0,17427.0,22857.0,31161.0,86374.0,80676.0,48703.0,95362.0,78585.0,51681.0,57800.0,40793.0,42142.0,33665.0,15785.0,29366.0,7292.0,28404.0,39136.0,139876.0,109495.0,68001.0,109152.0,73616.0,58069.0,39126.0,44288.0,38576.0,40504.0,29948.0,43431.0,26328.0,35889.0,95819.0,244708.0,185534.0,122805.0,145007.0,94435.0,134569.0,53667.0,47193.0,61884.0,53001.0,60700.0,101362.0,53744.0,194418.0,831770.0,5106229.0,1061010.0,250663.0,194469.0,167296.0,135133.0,64582.0,48995.0,28426.0,66637.0,133063.0,49184.0,106148.0,63378.0,210904.0,274838.0,5429.0,60014.0,87122.0,66584.0,59936.0,31853.0,42344.0,23111.0,14725.0,38806.0,74217.0,99232.0,27637.0,120391.0,154777.0,15272.0,33443.0,43714.0,48201.0,37345.0,29578.0,42790.0,25374.0,22636.0,17459.0,94276.0,93227.0
1783674955.1338956,0.0,834485.0,970048.0,227159.0,157621.0,182984.0,184029.0,217406.0,88489.0,45366.0,55341.0,76409.0,79715.0,100959.0,393124.0,162809.0,160457.0,204122.0,30587.0,67960.0,108676.0,64002.0,97265.0,20268.0,117739.0,45676.0,74366.0,61154.0,57760.0,194387.0,40875.0,52805.0,104538.0,55735.0,39372.0,68301.0,29979.0,35199.0,50191.0,142908.0,23234.0,28927.0,41418.0,16046.0,54185.0,71958.0,60705.0,121477.0,32582.0,28132.0,4377.0,91113.0,11157.0,47345.0,103015.0,123399.0,76683.0,155278.0,44465.0,47335.0,99390.0,51372.0,98514.0,55199.0,96985.0,53719.0,115746.0,93215.0,41247.0,170856.0,324220.0,169368.0,262021.0,162579.0,81253.0,27024.0,20292.0,69186.0,146911.0,248995.0,139670.0,154406.0,364926.0,352146.0,991091.0,4972297.0,663439.0,213139.0,692178.0,126976.0,106556.0,225780.0,188050.0,143084.0,37869.0,46258.0,74976.0,148407.0,124731.0,99008.0,422426.0,123962.0,44241.0,163575.0,83024.0,65239.0,93422.0,73955.0,88380.0,37125.0,117932.0,42467.0,52374.0,99812.0,78401.0,184536.0,55188.0,44165.0,58658.0,83788.0,34975.0,36816.0,40965.0,72488.0,71972.0,121038.0,35729.0,17516.0
1783674957.6923213,0.0,179146.0,1049164.0,622703.0,275647.0,345983.0,160028.0,40582.0,107646.0,64308.0,106489.0,45668.0,100551.0,254674.0,200428.0,109180.0,111389.0,119463.0,283291.0,59718.0,42350.0,78369.0,107890.0,80840.0,81984.0,86728.0,75229.0,94038.0,84272.0,192891.0,80783.0,74127.0,92086.0,69410.0,112762.0,49830.0,81118.0,91698.0,92791.0,69900.0,45779.0,63738.0,89070.0,52338.0,48716.0,137068.0,51779.0,66271.0,115686.0,111179.0,57578.0,76639.0,51347.0,91187.0,113907.0,145670.0,135596.0,75556.0,206843.0,146756.0,182830.0,63041.0,133087.0,148138.0,72146.0,82035.0,138554.0,116741.0,108577.0,474488.0,249385.0,183631.0,172335.0,356887.0,40340.0,158956.0,92286.0,239260.0,257862.0,238985.0,415245.0,426284.0,855980.0,1127471.0,2921133.0,3661957.0,953317.0,710071.0,569244.0,55997.0,446108.0,255679.0,315448.0,287866.0,118315.0,172279.0,50600.0,131675.0,83506.0,45322.0,277340.0,158745.0,104097.0,53770.0,96759.0,190452.0,34389.0,54150.0,79666.0,62291.0,31006.0,28103.0,99857.0,17277.0,38220.0,47129.0,226955.0,63455.0,62342.0,101836.0,46994.0,23583.0,43007.0,42417.0,32300.0,126533.0,98676.0,107199.0
1783674960.253999,0.0,594843.0,223108.0,136967.0,123488.0,119615.0,107622.0,87254.0,54553.0,126490.0,14083.0,42965.0,82019.0,28338.0,71432.0,179769.0,321303.0,124659.0,61036.0,33871.0,44351.0,59433.0,117038.0,67747.0,79839.0,24498.0,76653.0,64924.0,25502.0,94837.0,32780.0,169189.0,97332.0,40060.0,45804.0,40997.0,43358.0,106578.0,81783.0,57793.0,13872.0,68848.0,28258.0,29112.0,51093.0,62297.0,54513.0,97532.0,55475.0,64483.0,43672.0,42486.0,66789.0,89005.0,99669.0,111468.0,71757.0,91504.0,52496.0,68173.0,83856.0,52587.0,65544.0,97707.0,134096.0,81954.0,89505.0,63690.0,72639.0,234846.0,352384.0,65815.0,176439.0,96731.0,153137.0,169407.0,111882.0,246442.0,196414.0,250276.0,377045.0,429425.0,492991.0,683666.0,1031531.0,4539967.0,1579575.0,1164942.0,418271.0,512623.0,331316.0,190231.0,168359.0,157139.0,113828.0,126742.0,100974.0,101239.0,95502.0,104735.0,183504.0,275276.0,156269.0,65816.0,59525.0,44490.0,72210.0,64093.0,42546.0,36943.0,54937.0,35737.0,36267.0,54929.0,43264.0,45077.0,54719.0,148630.0,78433.0,9905.0,21249.0,13565.0,17671.0,116351.0,80465.0,20379.0,42172.0,27831.0
1783674962.8141263,0.0,646963.0,625258.0,760494.0,240685.0,20873.0,276543.0,114194.0,31910.0,54408.0,141934.0,75431.0,60511.0,165097.0,238545.0,68519.0,300807.0,167231.0,246307.0,89533.0,127919.0,60826.0,99420.0,54673.0,37038.0,65791.0,53927.0,20074.0,43030.0,69787.0,84279.0,56804.0,154235.0,54365.0,104674.0,45504.0,110284.0,75697.0,125988.0,55292.0,62918.0,38714.0,26058.0,51195.0,39147.0,32523.0,36961.0,26049.0,141775.0,52560.0,87958.0,45475.0,135932.0,64181.0,209029.0,79155.0,57836.0,9955.0,84443.0,44324.0,35608.0,49812.0,51116.0,36661.0,175747.0,125636.0,56201.0,150032.0,282977.0,66588.0,408383.0,107135.0,31208.0,84711.0,68315.0,93418.0,86176.0,140655.0,191657.0,78335.0,28349.0,407981.0,462576.0,352586.0,718629.0,921379.0,4849202.0,983504.0,540696.0,127968.0,468342.0,132891.0,82593.0,65761.0,183994.0,80973.0,105157.0,141240.0,62150.0,65990.0,164426.0,102349.0,425426.0,5138.0,109894.0,119590.0,127283.0,85791.0,104946.0,86830.0,21505.0,31879.0,29025.0,31719.0,38589.0,27817.0,107414.0,50208.0,225171.0,26825.0,77544.0,70773.0,166508.0,34987.0,111057.0,24860.0,21616.0,26531.0
1783674965.372514,0.0,354534.0,1052098.0,693351.0,322675.0,291345.0,146910.0,70971.0,104431.0,20775.0,108421.0,145775.0,90555.0,129669.0,80190.0,47843.0,60106.0,28055.0,332583.0,63545.0,90800.0,71085.0,59929.0,95854.0,78426.0,56753.0,47672.0,26938.0,81108.0,113215.0,54285.0,29850.0,23987.0,43528.0,186203.0,14508.0,41466.0,35325.0,51358.0,107501.0,49294.0,19644.0,48033.0,11578.0,55542.0,37940.0,51832.0,40189.0,49497.0,104971.0,131636.0,34498.0,32009.0,31017.0,65950.0,165635.0,28992.0,31767.0,62751.0,57659.0,72402.0,15209.0,38586.0,55115.0,97883.0,198980.0,180608.0,54798.0,106641.0,109284.0,185769.0,171868.0,96487.0,54346.0,66675.0,73302.0,78377.0,162424.0,55425.0,292953.0,51284.0,346737.0,242830.0,110127.0,868441.0,681660.0,5040062.0,851318.0,664358.0,131039.0,123438.0,93940.0,97232.0,142532.0,73533.0,203260.0,55054.0,31027.0,67759.0,24033.0,41781.0,92668.0,327663.0,79646.0,74292.0,30946.0,10978.0,202986.0,59599.0,48797.0,29751.0,20009.0,84750.0,59842.0,58611.0,27301.0,39186.0,133866.0,142659.0,40138.0,51049.0,17984.0,34816.0,147514.0,31635.0,8178.0,45830.0,3883.0
1783674967.937271,0.0,41692.0,177169.0,347641.0,1283236.0,293827.0,203372.0,193314.0,165210.0,45888.0,51943.0,148945.0,190073.0,61817.0,68772.0,88911.0,81112.0,31451.0,73922.0,89022.0,379401.0,118987.0,63116.0,40913.0,114846.0,22790.0,45767.0,29655.0,117361.0,9790.0,35778.0,55007.0,24102.0,31910.0,44795.0,105996.0,176132.0,94427.0,66928.0,82907.0,149165.0,93551.0,81779.0,36350.0,87244.0,31836.0,4430.0,127325.0,24842.0,37847.0,45718.0,102192.0,64335.0,72178.0,76624.0,118446.0,129916.0,100258.0,98345.0,53090.0,154527.0,115686.0,110159.0,219827.0,10589.0,64376.0,48607.0,156748.0,23135.0,54307.0,109990.0,254265.0,108996.0,73995.0,135249.0,193718.0,84115.0,45082.0,248047.0,432000.0,404837.0,314592.0,299246.0,477173.0,474939.0,762849.0,1939362.0,4442843.0,1079521.0,663662.0,273028.0,340953.0,222580.0,148192.0,373597.0,240955.0,185488.0,212213.0,131997.0,118091.0,172162.0,153990.0,359888.0,168380.0,22329.0,49430.0,139045.0,72957.0,96467.0,44463.0,103644.0,100695.0,27688.0,20002.0,47443.0,40466.0,60788.0,64405.0,260888.0,47303.0,38283.0,54383.0,187151.0,24265.0,27018.0,39921.0,70134.0,25751.0
1783674970.5081263,0.0,104541.0,36379.0,304872.0,363196.0,285673.0,700277.0,840778.0,538601.0,595718.0,374404.0,147589.0,133205.0,137415.0,74820.0,47854.0,142242.0,97816.0,75055.0,33577.0,76739.0,185048.0,192057.0,246035.0,232129.0,121056.0,114986.0,27291.0,53347.0,8260.0,52413.0,70532.0,38473.0,57241.0,60297.0,64363.0,39958.0,189668.0,99224.0,125566.0,81830.0,113780.0,62996.0,40182.0,99885.0,85493.0,12334.0,132966.0,88147.0,17650.0,40207.0,87258.0,68490.0,162926.0,112404.0,240769.0,60000.0,160063.0,67176.0,157504.0,87062.0,94954.0,95258.0,152661.0,59265.0,155185.0,94166.0,95418.0,111952.0,322116.0,200633.0,84631.0,182696.0,99607.0,476803.0,227297.0,116818.0,256269.0,368868.0,147334.0,190891.0,351269.0,308301.0,313460.0,237842.0,909509.0,396230.0,2699864.0,3591289.0,2047371.0,768730.0,275647.0,357611.0,302492.0,56451.0,162067.0,232295.0,228957.0,41669.0,249308.0,155440.0,110060.0,89784.0,363142.0,210894.0,84861.0,216330.0,111255.0,14328.0,58797.0,63110.0,29477.0,45232.0,21218.0,90292.0,18897.0,74841.0,80906.0,160198.0,108823.0,150297.0,39194.0,81781.0,40153.0,69860.0,12086.0,82122.0,9074.0
1783674973.086404,0.0,85855.0,70992.0,24631.0,107057.0,83825.0,67346.0,246386.0,334751.0,1353918.0,272890.0,137693.0,34234.0,112087.0,58971.0,10555.0,50394.0,89112.0,28438.0,24987.0,53230.0,103317.0,69149.0,99237.0,82436.0,317416.0,130003.0,147040.0,27013.0,32256.0,25762.0,54639.0,4325.0,41656.0,47684.0,18037.0,22356.0,127261.0,116220.0,116137.0,39999.0,131166.0,56106.0,71094.0,61083.0,62049.0,48885.0,55483.0,17388.0,43500.0,50136.0,51944.0,68433.0,207622.0,152397.0,179516.0,111715.0,45067.0,66630.0,152281.0,60630.0,695.0,98203.0,73415.0,124237.0,75248.0,148793.0,121172.0,135432.0,261214.0,336521.0,259965.0,424629.0,87518.0,91289.0,79219.0,232085.0,107520.0,47155.0,278467.0,255684.0,134503.0,307763.0,507764.0,371968.0,304018.0,1289070.0,1167676.0,1531145.0,4241846.0,1245332.0,98594.0,695225.0,561618.0,63677.0,349450.0,449425.0,65481.0,207528.0,417217.0,97509.0,134172.0,342803.0,229564.0,191562.0,115762.0,168883.0,204376.0,162617.0,172431.0,67493.0,64617.0,184795.0,108499.0,79376.0,244851.0,120217.0,19626.0,150192.0,54079.0,44376.0,73437.0,130010.0,116515.0,35218.0,223715.0,35290.0,59318.0
1783674975.6505945,0.0,35878.0,72378.0,35810.0,42470.0,51515.0,239257.0,114892.0,142073.0,283785.0,1426148.0,332961.0,138394.0,52810.0,33642.0,51022.0,17128.0,11313.0,53438.0,33984.0,60124.0,38345.0,127050.0,72190.0,104404.0,118107.0,243924.0,161323.0,31303.0,75225.0,116134.0,18205.0,61123.0,5688.0,18705.0,42603.0,84623.0,29193.0,72477.0,106661.0,175677.0,48645.0,64614.0,164079.0,68159.0,43601.0,52287.0,110595.0,22070.0,26924.0,38592.0,44786.0,227417.0,64677.0,129732.0,115330.0,232289.0,11889.0,91696.0,162570.0,166063.0,74657.0,102604.0,92203.0,118281.0,163156.0,148203.0,121729.0,413265.0,408729.0,306411.0,191960.0,203214.0,156240.0,95268.0,144290.0,128811.0,101093.0,101678.0,175490.0,212514.0,210963.0,225006.0,244029.0,295274.0,392315.0,633586.0,1020076.0,1830701.0,4503867.0,770599.0,604872.0,476734.0,350166.0,228625.0,179947.0,146830.0,172495.0,144139.0,151334.0,129325.0,83032.0,48029.0,154590.0,193314.0,257919.0,132854.0,89280.0,63944.0,230416.0,77683.0,61724.0,18352.0,54359.0,37153.0,28491.0,48375.0,68135.0,90959.0,119539.0,134812.0,140947.0,106931.0,77188.0,114130.0,128943.0,118316.0,50405.0
1783674978.2100968,0.0,79508.0,79636.0,103962.0,206714.0,110400.0,105426.0,1170799.0,451912.0,453603.0,436115.0,178663.0,95809.0,85855.0,172747.0,48357.0,47330.0,104646.0,62076.0,92194.0,82314.0,114637.0,118194.0,187112.0,258067.0,190347.0,61089.0,136852.0,60932.0,32683.0,70643.0,28421.0,32620.0,28247.0,56877.0,82490.0,15473.0,67425.0,103952.0,164270.0,194785.0,58113.0,102181.0,104168.0,35708.0,12646.0,67170.0,11420.0,26860.0,39099.0,45396.0,62909.0,71779.0,135140.0,93239.0,261685.0,63618.0,215361.0,48239.0,74215.0,91069.0,56459.0,26647.0,23553.0,44945.0,29183.0,87920.0,49167.0,61673.0,68498.0,117504.0,261184.0,198677.0,510924.0,192710.0,170099.0,118592.0,47689.0,69898.0,145915.0,175585.0,21088.0,120701.0,202288.0,230211.0,95330.0,331901.0,1609914.0,4724888.0,1263260.0,583108.0,167804.0,172661.0,205468.0,188136.0,39990.0,119503.0,160435.0,89009.0,75412.0,61007.0,178268.0,117150.0,191882.0,272520.0,210629.0,76661.0,114780.0,68538.0,66278.0,77366.0,35016.0,63972.0,26918.0,55886.0,95833.0,55654.0,74729.0,110968.0,106770.0,156137.0,180712.0,23684.0,149137.0,78851.0,53674.0,62633.0,37510.0
1783674980.7695825,0.0,17955.0,32209.0,24641.0,34232.0,70283.0,133563.0,470773.0,181978.0,1412060.0,103767.0,283045.0,86583.0,86859.0,56694.0,35340.0,30877.0,63138.0,11598.0,32092.0,30684.0,22610.0,55924.0,75465.0,119667.0,334726.0,109959.0,93531.0,42296.0,38748.0,44139.0,42821.0,49062.0,47395.0,36694.0,42516.0,44735.0,20190.0,140131.0,55085.0,135915.0,148694.0,38319.0,92074.0,51934.0,16493.0,51862.0,51914.0,42218.0,40410.0,35522.0,54617.0,125738.0,9621.0,221566.0,55350.0,144526.0,51637.0,72108.0,52789.0,70789.0,45112.0,77518.0,27987.0,57515.0,85057.0,97648.0,88663.0,158943.0,143217.0,388737.0,350080.0,379971.0,149962.0,185910.0,114827.0,129818.0,111597.0,144117.0,167636.0,146028.0,175026.0,205979.0,218658.0,240485.0,369506.0,581940.0,1148774.0,4494268.0,1928705.0,718755.0,494254.0,357365.0,321214.0,270783.0,220380.0,175578.0,209241.0,144277.0,129506.0,143188.0,120868.0,77993.0,141179.0,276370.0,244122.0,268729.0,101643.0,129931.0,86012.0,86722.0,71830.0,70269.0,75849.0,98845.0,72884.0,71005.0,3028.0,83243.0,143093.0,24446.0,214575.0,167882.0,118872.0,156298.0,38932.0,63728.0,83033.0
1783674983.3242583,0.0,63286.0,53719.0,57006.0,131006.0,98337.0,262053.0,97215.0,40313.0,298610.0,1386267.0,342477.0,134159.0,16974.0,47628.0,100951.0,34378.0,30551.0,60216.0,25267.0,42795.0,73801.0,64505.0,58083.0,44863.0,86042.0,246367.0,193054.0,139555.0,40507.0,84593.0,69660.0,37410.0,43611.0,95293.0,78437.0,124756.0,46844.0,79763.0,32296.0,48321.0,70856.0,79089.0,106527.0,60405.0,116587.0,54634.0,84713.0,50596.0,83584.0,38206.0,122908.0,258270.0,155877.0,77314.0,53002.0,137717.0,9968.0,63349.0,90472.0,94947.0,69360.0,134289.0,63028.0,13144.0,52425.0,28680.0,241263.0,347426.0,343248.0,190121.0,91402.0,279877.0,181933.0,40244.0,144954.0,101322.0,156952.0,160003.0,75733.0,132648.0,153450.0,174137.0,279167.0,374385.0,563380.0,561537.0,914236.0,1968522.0,4422587.0,1040859.0,547377.0,375082.0,345489.0,357221.0,304287.0,257174.0,220810.0,194893.0,141550.0,154368.0,196695.0,160837.0,161483.0,152800.0,479541.0,124777.0,102916.0,90890.0,125946.0,69982.0,118918.0,67442.0,70875.0,39999.0,46858.0,119925.0,49137.0,81896.0,78408.0,53294.0,101260.0,124396.0,138657.0,31294.0,174569.0,54611.0,141394.0
1783674985.8896675,0.0,90298.0,44521.0,87439.0,134155.0,148696.0,128268.0,82664.0,166710.0,202984.0,61324.0,1398572.0,48301.0,214030.0,187407.0,60398.0,59276.0,68971.0,99022.0,30461.0,50258.0,59969.0,138066.0,50272.0,15254.0,24326.0,61534.0,133015.0,286260.0,137315.0,32872.0,43580.0,90555.0,26434.0,71395.0,67560.0,21398.0,17817.0,38538.0,164119.0,30512.0,33716.0,44586.0,39511.0,126610.0,66534.0,77203.0,19332.0,82520.0,125503.0,256302.0,104789.0,98890.0,26070.0,20340.0,68177.0,153846.0,46037.0,52343.0,49109.0,57868.0,82436.0,58807.0,49333.0,114429.0,150892.0,39610.0,530374.0,60050.0,134512.0,104907.0,100827.0,220047.0,158444.0,94290.0,75343.0,34393.0,79758.0,117194.0,86642.0,49408.0,69417.0,145248.0,132818.0,40492.0,70240.0,212105.0,253634.0,63157.0,5201455.0,52628.0,257737.0,223152.0,62846.0,35253.0,104452.0,130985.0,32331.0,48791.0,74438.0,123684.0,58244.0,24385.0,45248.0,45106.0,155269.0,278885.0,124768.0,38433.0,79391.0,79124.0,165950.0,21440.0,101067.0,34593.0,26900.0,47331.0,131856.0,26882.0,47760.0,50327.0,32870.0,154918.0,80587.0,47676.0,21387.0,107272.0,102668.0
1783674988.444586,0.0,66303.0,31834.0,127013.0,214971.0,100918.0,42523.0,56720.0,35758.0,36353.0,126533.0,220748.0,753930.0,1053192.0,627746.0,371299.0,146822.0,138635.0,94508.0,63871.0,156478.0,79898.0,169025.0,101724.0,92690.0,35191.0,53081.0,80724.0,133400.0,319880.0,80932.0,26341.0,131522.0,53463.0,95835.0,147624.0,73033.0,123691.0,10131.0,170317.0,62572.0,46221.0,114077.0,88762.0,47094.0,36672.0,132907.0,165446.0,141718.0,120072.0,58875.0,79678.0,116216.0,171936.0,112499.0,16226.0,188221.0,68599.0,120702.0,94213.0,95431.0,116328.0,155239.0,304437.0,318590.0,378184.0,196243.0,128507.0,108701.0,114906.0,147629.0,94554.0,188689.0,267103.0,65511.0,129516.0,172802.0,88818.0,193169.0,187100.0,47471.0,244277.0,247394.0,205484.0,280833.0,342137.0,400727.0,631174.0,973611.0,3104149.0,3516704.0,1342590.0,767122.0,495418.0,383059.0,298483.0,251222.0,270892.0,101822.0,285102.0,140675.0,177044.0,104573.0,80396.0,125636.0,122113.0,366091.0,74225.0,23162.0,118343.0,37665.0,75471.0,78961.0,66817.0,182816.0,114515.0,244378.0,98441.0,33370.0,111044.0,53937.0,35920.0,52590.0,108517.0,78720.0,112404.0,131827.0,30044.0
1783674991.0094104,0.0,42369.0,31208.0,195552.0,96966.0,65998.0,63232.0,33609.0,43521.0,53734.0,14611.0,106701.0,301869.0,378690.0,1290701.0,409396.0,96513.0,86196.0,108280.0,60558.0,142337.0,75269.0,10785.0,68004.0,87440.0,51094.0,91162.0,130759.0,113840.0,93109.0,81214.0,284447.0,140706.0,73474.0,15465.0,57617.0,24565.0,98390.0,35642.0,86317.0,42577.0,101022.0,18674.0,6948.0,168978.0,189723.0,60412.0,107610.0,180690.0,107939.0,67631.0,56501.0,20810.0,43433.0,36182.0,72950.0,158406.0,44878.0,43194.0,23821.0,69789.0,248429.0,436522.0,251929.0,200559.0,36467.0,49991.0,51476.0,24699.0,40136.0,67262.0,86415.0,56560.0,278595.0,15483.0,47010.0,90054.0,61085.0,58458.0,100309.0,126814.0,53519.0,63564.0,15016.0,77768.0,71792.0,99044.0,146683.0,326371.0,490716.0,5152187.0,509593.0,238117.0,137775.0,142584.0,70041.0,122545.0,46570.0,45423.0,59510.0,130926.0,9345.0,83318.0,103912.0,76823.0,60286.0,59807.0,319713.0,69988.0,96058.0,49092.0,39559.0,17335.0,82926.0,54333.0,47282.0,100232.0,160759.0,121309.0,101512.0,136776.0,90251.0,31889.0,73688.0,192425.0,67698.0,40347.0,13001.0
1783674993.5643077,0.0,40702.0,15071.0,64046.0,7243.0,262454.0,87957.0,20995.0,22636.0,113325.0,201597.0,260772.0,952211.0,806510.0,446055.0,185973.0,182290.0,213468.0,181377.0,131395.0,111966.0,16497.0,64861.0,67688.0,59547.0,109856.0,82530.0,87952.0,69735.0,164045.0,377914.0,51688.0,48223.0,40890.0,60231.0,102452.0,57477.0,68738.0,85928.0,59033.0,55076.0,72985.0,31326.0,54468.0,78095.0,69557.0,68634.0,392037.0,108094.0,91258.0,79812.0,58344.0,58695.0,51894.0,57648.0,237013.0,120283.0,19665.0,18653.0,54731.0,78364.0,48531.0,63281.0,187662.0,161407.0,467578.0,176949.0,170630.0,162436.0,112775.0,130780.0,188855.0,440719.0,80482.0,63590.0,117557.0,113742.0,225183.0,172359.0,200263.0,183393.0,246288.0,376830.0,293970.0,262451.0,316428.0,492177.0,728643.0,1058429.0,3441042.0,3176912.0,1194296.0,602747.0,467481.0,431399.0,352061.0,244514.0,159980.0,108753.0,112906.0,108306.0,107050.0,103241.0,121972.0,119933.0,122490.0,164790.0,341974.0,16710.0,34865.0,35753.0,44143.0,96652.0,71994.0,125295.0,37272.0,63859.0,54057.0,50342.0,57920.0,34587.0,46950.0,40488.0,52241.0,306818.0,71035.0,42574.0,44996.0
1783674996.1347668,0.0,32212.0,12358.0,26438.0,30327.0,252763.0,84756.0,143633.0,76136.0,98571.0,140826.0,370732.0,1287968.0,373578.0,69740.0,157660.0,105232.0,72651.0,131682.0,67272.0,68456.0,59241.0,148215.0,34803.0,130180.0,75077.0,64525.0,38804.0,86524.0,315319.0,154537.0,144095.0,142719.0,15170.0,73016.0,49971.0,72389.0,65007.0,125829.0,104984.0,74426.0,68908.0,69565.0,52773.0,132232.0,76525.0,101762.0,111162.0,128752.0,227264.0,72960.0,18376.0,35049.0,69582.0,129099.0,80138.0,269177.0,96828.0,65649.0,155097.0,97042.0,122577.0,201509.0,85757.0,122591.0,333031.0,508301.0,89533.0,139888.0,95369.0,138469.0,101945.0,84863.0,366041.0,64549.0,238800.0,72912.0,224362.0,345471.0,52572.0,346119.0,116707.0,283401.0,410580.0,199998.0,791169.0,462523.0,895427.0,2203812.0,1268294.0,3885067.0,1156301.0,506345.0,752386.0,109725.0,459431.0,411986.0,104271.0,319848.0,197919.0,110593.0,223161.0,70530.0,207816.0,188471.0,76942.0,296391.0,209961.0,221955.0,84258.0,179621.0,178761.0,169117.0,81608.0,90197.0,87023.0,56684.0,149256.0,126471.0,101825.0,101272.0,100681.0,129721.0,93066.0,127604.0,76536.0,187856.0,199390.0
1783674998.7012472,0.0,93537.0,101361.0,99044.0,43925.0,269604.0,19920.0,80538.0,150792.0,59720.0,374411.0,649493.0,1030151.0,561634.0,79354.0,148616.0,170594.0,42008.0,28829.0,23592.0,39307.0,11713.0,111873.0,76324.0,67658.0,76975.0,49736.0,99843.0,202152.0,190048.0,160403.0,124295.0,164905.0,14905.0,76448.0,63627.0,37043.0,44213.0,36646.0,253854.0,90015.0,82036.0,68980.0,70338.0,84654.0,98664.0,115603.0,93657.0,223360.0,233454.0,149220.0,21522.0,115977.0,128183.0,97506.0,91357.0,178649.0,109384.0,104391.0,122397.0,112061.0,192513.0,79510.0,130722.0,177807.0,130816.0,434685.0,222356.0,105013.0,108583.0,97457.0,143050.0,241207.0,205211.0,65061.0,111946.0,162161.0,193028.0,38384.0,82584.0,157506.0,126270.0,111120.0,295659.0,234605.0,212338.0,347784.0,440622.0,972583.0,4752056.0,1364087.0,755342.0,378625.0,315125.0,336324.0,255184.0,161570.0,138112.0,181773.0,123149.0,68871.0,194203.0,183069.0,60937.0,71370.0,17815.0,415875.0,84731.0,50487.0,53606.0,81719.0,90271.0,176300.0,43875.0,120354.0,119345.0,108087.0,206058.0,21943.0,58384.0,23653.0,66440.0,43442.0,189849.0,54459.0,105755.0,39232.0,34469.0
1783675001.270821,0.0,66604.0,21141.0,182639.0,90742.0,100517.0,28836.0,111330.0,35615.0,19040.0,80020.0,79896.0,110919.0,519643.0,1238289.0,459344.0,63469.0,80893.0,66383.0,74831.0,56827.0,121242.0,80375.0,16023.0,61321.0,42171.0,14277.0,135238.0,156765.0,111394.0,160824.0,230085.0,110426.0,142189.0,112433.0,38587.0,61485.0,57770.0,93546.0,36351.0,46701.0,63384.0,69949.0,41986.0,145790.0,236848.0,81206.0,110993.0,140195.0,79086.0,99606.0,115333.0,49701.0,68382.0,108366.0,99787.0,184749.0,43382.0,74047.0,47088.0,118350.0,127091.0,370126.0,266301.0,243025.0,15331.0,72853.0,78031.0,76386.0,26461.0,3247.0,76383.0,241929.0,310876.0,139204.0,53312.0,233421.0,33627.0,66580.0,115656.0,301718.0,208172.0,67608.0,259810.0,337846.0,426783.0,151894.0,557449.0,1312456.0,2513935.0,3184271.0,1950498.0,1517297.0,841222.0,217336.0,323500.0,604606.0,332753.0,146501.0,274486.0,329185.0,307771.0,54302.0,262836.0,182442.0,363946.0,185752.0,282297.0,19158.0,49510.0,65008.0,165838.0,168122.0,124119.0,32950.0,101693.0,181197.0,108255.0,109062.0,47158.0,189879.0,92542.0,143514.0,136466.0,237636.0,103642.0,38590.0,143019.0
1783675003.8521328,0.0,70292.0,88982.0,15218.0,178773.0,148655.0,160823.0,78491.0,157175.0,121056.0,144330.0,181421.0,137410.0,365481.0,1367728.0,363496.0,63758.0,79164.0,52651.0,109167.0,22518.0,164123.0,110495.0,95124.0,59816.0,21991.0,157874.0,102807.0,107046.0,59340.0,38750.0,101767.0,275707.0,176608.0,72348.0,138020.0,128416.0,98304.0,42480.0,115590.0,130232.0,84000.0,37243.0,120572.0,140074.0,90140.0,91740.0,67864.0,129860.0,117935.0,179636.0,53549.0,16941.0,67306.0,249928.0,82230.0,55992.0,60523.0,157840.0,93081.0,67882.0,236953.0,322514.0,337181.0,514347.0,299397.0,81331.0,172605.0,239327.0,173358.0,118447.0,165559.0,188311.0,332520.0,107274.0,134853.0,67264.0,274827.0,396983.0,138201.0,197620.0,401365.0,316567.0,401564.0,478970.0,434082.0,1267563.0,1143678.0,293611.0,1465613.0,2292401.0,3228842.0,1805169.0,459811.0,392121.0,455387.0,141994.0,441332.0,358733.0,235214.0,441739.0,180379.0,167867.0,203684.0,78609.0,229507.0,255571.0,166126.0,210459.0,150018.0,213160.0,247861.0,143334.0,109517.0,90549.0,70001.0,109784.0,102857.0,9170.0,252826.0,181874.0,56940.0,174155.0,142912.0,148772.0,128073.0,245833.0,121860.0
1783675006.432505,0.0,71012.0,98266.0,14890.0,29305.0,61712.0,205363.0,197715.0,143323.0,337996.0,515806.0,955752.0,816488.0,327955.0,260644.0,137300.0,103864.0,176181.0,128758.0,84989.0,97747.0,107345.0,59470.0,148458.0,106534.0,161066.0,156087.0,79319.0,41444.0,139964.0,252948.0,228094.0,154905.0,75207.0,30437.0,173083.0,136377.0,63483.0,66565.0,118773.0,34812.0,85868.0,58133.0,112158.0,35164.0,45228.0,61185.0,194084.0,58616.0,120507.0,89944.0,38665.0,60543.0,175238.0,121053.0,75555.0,75486.0,131529.0,96163.0,145846.0,212666.0,173553.0,157214.0,164284.0,58597.0,181692.0,593971.0,57655.0,214964.0,307974.0,198273.0,490868.0,167164.0,119617.0,148262.0,178264.0,105288.0,92452.0,156105.0,123755.0,124446.0,70244.0,156962.0,183111.0,132043.0,142372.0,90457.0,275610.0,745821.0,4617720.0,1464653.0,639482.0,607906.0,486840.0,566425.0,353005.0,378935.0,405252.0,345675.0,301045.0,380104.0,333285.0,268632.0,358754.0,212439.0,195755.0,281350.0,391397.0,41029.0,134635.0,104357.0,98463.0,120827.0,275807.0,171303.0,119633.0,38352.0,135774.0,86980.0,159099.0,152420.0,104935.0,92554.0,58751.0,88085.0,121870.0,135448.0,55880.0
1783675009.009902,0.0,88912.0,41557.0,62832.0,26694.0,81834.0,54900.0,74664.0,164767.0,451200.0,837641.0,893606.0,703776.0,218659.0,155972.0,116687.0,10059.0,142418.0,109697.0,22607.0,174235.0,159852.0,42572.0,126713.0,136665.0,97493.0,107648.0,95262.0,117679.0,75210.0,190146.0,208125.0,80863.0,34269.0,52540.0,169112.0,29618.0,92005.0,11963.0,70038.0,53126.0,99961.0,89405.0,75887.0,65745.0,97091.0,176589.0,116415.0,170102.0,63407.0,277136.0,130417.0,84195.0,60744.0,117792.0,181120.0,85822.0,98862.0,192666.0,149875.0,199307.0,201393.0,82118.0,161144.0,149686.0,163429.0,370544.0,310742.0,91402.0,145859.0,254107.0,201051.0,165504.0,138910.0,16810.0,183779.0,212671.0,125231.0,318678.0,164672.0,244733.0,228102.0,401892.0,262926.0,775055.0,240125.0,1053289.0,977403.0,1079616.0,2621325.0,3249969.0,1322214.0,1268726.0,904683.0,369936.0,411312.0,215887.0,130415.0,276016.0,431819.0,55302.0,395859.0,122677.0,293221.0,158988.0,223643.0,113138.0,344266.0,195731.0,225684.0,129943.0,124158.0,124156.0,86925.0,72280.0,120116.0,101468.0,141730.0,91863.0,42426.0,56896.0,87703.0,87258.0,218810.0,210993.0,129064.0,127786.0,66331.0
1783675011.5910823,0.0,51990.0,21241.0,31132.0,47925.0,79879.0,148199.0,103745.0,215361.0,168788.0,653698.0,1120951.0,587888.0,208672.0,86698.0,62452.0,94905.0,47791.0,75794.0,16680.0,70426.0,36806.0,25893.0,23833.0,67086.0,27819.0,94967.0,63316.0,68863.0,285870.0,73043.0,34677.0,88919.0,97337.0,43857.0,158765.0,46345.0,42681.0,56969.0,136491.0,177740.0,129833.0,82218.0,41060.0,166806.0,26560.0,168661.0,194042.0,187875.0,136023.0,110195.0,140319.0,74987.0,106359.0,75603.0,36416.0,53135.0,7317.0,60938.0,89635.0,74841.0,50743.0,77768.0,53678.0,210779.0,229182.0,362998.0,83509.0,309443.0,380587.0,253640.0,288830.0,168461.0,50334.0,245470.0,77136.0,210953.0,133880.0,254587.0,75371.0,271160.0,165860.0,297653.0,202099.0,395030.0,435600.0,591908.0,887726.0,2357110.0,2739892.0,2855306.0,486230.0,1207875.0,347801.0,866001.0,259014.0,632782.0,328345.0,510602.0,323400.0,339658.0,342871.0,290635.0,300279.0,238272.0,241370.0,313283.0,256455.0,205488.0,139247.0,151868.0,153721.0,144948.0,123853.0,41819.0,111496.0,114713.0,122788.0,150365.0,53437.0,62467.0,182256.0,73893.0,154399.0,156129.0,174676.0,185330.0,217250.0
1783675014.1830797,0.0,154389.0,87333.0,164707.0,48418.0,29350.0,150003.0,115411.0,36927.0,91449.0,275887.0,336959.0,1138036.0,281210.0,572471.0,403593.0,211288.0,274328.0,171064.0,176234.0,176070.0,106803.0,92899.0,69476.0,71812.0,66676.0,28643.0,105298.0,148715.0,170362.0,207302.0,340653.0,175159.0,217507.0,70373.0,80981.0,47083.0,71525.0,156564.0,62530.0,182795.0,41527.0,182435.0,37894.0,126511.0,51642.0,172777.0,94774.0,102916.0,215337.0,88139.0,154789.0,158689.0,143284.0,293865.0,65578.0,97866.0,143994.0,44755.0,108170.0,96553.0,223495.0,191636.0,565139.0,284080.0,108254.0,157270.0,254558.0,222662.0,255020.0,283036.0,80257.0,522499.0,32788.0,283899.0,143869.0,255864.0,165851.0,261615.0,360214.0,283937.0,570106.0,369186.0,728559.0,425978.0,910688.0,597068.0,552162.0,1241554.0,2571290.0,1848987.0,2643138.0,446160.0,1518444.0,527637.0,929701.0,470317.0,373373.0,291711.0,71688.0,83099.0,283478.0,211494.0,186071.0,258932.0,169651.0,310792.0,257871.0,206071.0,60612.0,130721.0,77221.0,86036.0,29880.0,143230.0,176599.0,59054.0,131937.0,121699.0,42163.0,112167.0,88005.0,122881.0,170110.0,95115.0,192338.0,167768.0,24060.0
1783675016.739523,0.0,98512.0,105134.0,145742.0,126374.0,35474.0,54013.0,52088.0,57102.0,17039.0,116688.0,83565.0,171261.0,130310.0,762968.0,1003527.0,580115.0,423174.0,70894.0,130165.0,88628.0,57503.0,152350.0,74014.0,103073.0,93388.0,157687.0,78830.0,14061.0,167246.0,73440.0,85847.0,215987.0,204884.0,72689.0,54617.0,97121.0,87668.0,70271.0,53859.0,22351.0,102893.0,160190.0,153583.0,210302.0,87773.0,66229.0,54961.0,113601.0,78730.0,138395.0,73418.0,40120.0,70671.0,145849.0,89759.0,86796.0,103960.0,262881.0,112225.0,162628.0,332278.0,297946.0,25304.0,100769.0,94698.0,24487.0,39837.0,102347.0,44606.0,58492.0,91312.0,294672.0,89967.0,42787.0,77909.0,243572.0,41751.0,75566.0,155043.0,89232.0,105373.0,101772.0,189826.0,127217.0,166592.0,366836.0,235872.0,570521.0,838031.0,4684189.0,1411896.0,857410.0,587832.0,475197.0,257775.0,235229.0,211133.0,190258.0,188792.0,205887.0,116510.0,198738.0,143557.0,143847.0,211480.0,118317.0,145904.0,439334.0,27542.0,42116.0,41463.0,191333.0,89815.0,65605.0,83615.0,53259.0,82818.0,153395.0,151613.0,127738.0,112979.0,182544.0,124209.0,122403.0,98144.0,259112.0,42064.0
1783675019.2973135,0.0,145535.0,139374.0,106892.0,28524.0,48894.0,20582.0,29606.0,26042.0,22356.0,11351.0,108919.0,46535.0,72953.0,84984.0,445701.0,949738.0,508239.0,668306.0,515508.0,130360.0,190861.0,78696.0,131634.0,111669.0,161727.0,46084.0,102689.0,88453.0,41665.0,79446.0,68289.0,113336.0,152823.0,199776.0,159548.0,283458.0,162923.0,193614.0,51720.0,33330.0,256696.0,80209.0,29761.0,40444.0,94848.0,65863.0,74957.0,35196.0,134000.0,71872.0,16410.0,173913.0,104658.0,92565.0,310835.0,159028.0,107798.0,298868.0,346391.0,134244.0,57591.0,29431.0,41793.0,33691.0,20196.0,76234.0,32869.0,62476.0,16062.0,91650.0,64615.0,72050.0,385251.0,150249.0,63587.0,54495.0,90707.0,59472.0,35056.0,62610.0,7444.0,56358.0,73382.0,72540.0,71705.0,195621.0,51564.0,220113.0,110399.0,1563452.0,4748433.0,1409543.0,428576.0,171515.0,92744.0,215281.0,138225.0,87416.0,112293.0,103275.0,71242.0,45144.0,82924.0,60271.0,51680.0,60370.0,51734.0,113937.0,391362.0,187083.0,88415.0,114573.0,28915.0,111738.0,132412.0,104486.0,40608.0,25005.0,60363.0,32211.0,78382.0,88462.0,133089.0,82512.0,77364.0,180926.0,96574.0
1783675021.8599195,0.0,146851.0,164508.0,109402.0,89380.0,26028.0,80457.0,77896.0,35554.0,83168.0,35177.0,117757.0,165652.0,20155.0,203612.0,479621.0,798841.0,620703.0,722663.0,416642.0,215636.0,170281.0,136506.0,126856.0,42307.0,106569.0,71762.0,62973.0,102389.0,12733.0,73206.0,36049.0,91463.0,100554.0,164085.0,265707.0,277584.0,136825.0,205364.0,85824.0,122113.0,111525.0,102334.0,48762.0,28234.0,60142.0,22560.0,84532.0,27945.0,67866.0,106256.0,7204.0,153484.0,119223.0,201985.0,218883.0,176208.0,286697.0,155618.0,337470.0,165590.0,23978.0,69401.0,77646.0,47690.0,36555.0,31384.0,14248.0,75091.0,51901.0,122421.0,85686.0,98235.0,314790.0,217050.0,123390.0,91097.0,131955.0,40523.0,77021.0,31326.0,113951.0,50570.0,69598.0,110889.0,77045.0,207733.0,143483.0,158930.0,447724.0,1411092.0,4775796.0,1371299.0,464671.0,69348.0,234010.0,118980.0,136558.0,95877.0,71314.0,101321.0,43292.0,104956.0,69602.0,60677.0,106918.0,37237.0,86153.0,81712.0,434295.0,126309.0,64172.0,70859.0,136283.0,12831.0,47383.0,44145.0,46158.0,43726.0,27029.0,30253.0,38330.0,120362.0,96427.0,111019.0,117088.0,61758.0,197771.0
1783675024.4201884,0.0,26288.0,124310.0,29871.0,19562.0,41609.0,48129.0,86944.0,105093.0,95732.0,77377.0,108579.0,98160.0,170827.0,298054.0,295207.0,493350.0,480898.0,842990.0,665489.0,254924.0,156544.0,76679.0,116930.0,99859.0,112916.0,86639.0,61977.0,51878.0,49290.0,68504.0,33248.0,29047.0,114874.0,160120.0,198967.0,230714.0,344464.0,123869.0,77967.0,33857.0,86673.0,39991.0,59449.0,39329.0,39793.0,38173.0,58147.0,46458.0,40255.0,39083.0,27676.0,114028.0,180165.0,169277.0,226244.0,26839.0,286675.0,237928.0,88622.0,91559.0,129024.0,61570.0,75067.0,62676.0,62275.0,74135.0,107727.0,95236.0,125542.0,87451.0,79952.0,4327.0,287231.0,203514.0,176614.0,132867.0,57696.0,40933.0,43878.0,63893.0,67046.0,84078.0,136732.0,152045.0,140370.0,220718.0,175726.0,448985.0,599668.0,1786376.0,4216949.0,2138812.0,693730.0,155131.0,277182.0,143603.0,151131.0,140197.0,106178.0,120534.0,113564.0,98077.0,85597.0,116559.0,132704.0,120293.0,60964.0,30640.0,330806.0,236480.0,197224.0,190219.0,103488.0,125128.0,63535.0,50781.0,35431.0,16485.0,22818.0,44458.0,14940.0,77243.0,109823.0,143176.0,33090.0,82475.0,55110.0
1783675027.1026602,0.0,52822.0,307257.0,132642.0,147660.0,94928.0,45371.0,133966.0,103760.0,41016.0,122574.0,154684.0,131633.0,154385.0,290687.0,292573.0,701823.0,448269.0,1061257.0,390036.0,238579.0,197999.0,31103.0,121007.0,115777.0,38218.0,66916.0,75698.0,74611.0,25359.0,160167.0,172439.0,247445.0,259139.0,199150.0,253293.0,287282.0,404753.0,127190.0,207623.0,83429.0,165347.0,234202.0,188589.0,108288.0,136804.0,123261.0,129476.0,296513.0,172366.0,332917.0,88087.0,160379.0,39755.0,138608.0,192431.0,290790.0,211133.0,218004.0,143100.0,330991.0,430808.0,213728.0,283164.0,142031.0,311648.0,106304.0,344821.0,111257.0,406694.0,344054.0,305679.0,131477.0,275993.0,428432.0,125581.0,292633.0,532141.0,180432.0,630008.0,685302.0,687442.0,851093.0,578192.0,638592.0,1070375.0,400031.0,284989.0,635522.0,448678.0,1145236.0,1534659.0,1954149.0,805465.0,1153306.0,2134124.0,1206156.0,1066296.0,815618.0,411961.0,153887.0,379973.0,193535.0,220930.0,666760.0,475175.0,573003.0,131331.0,572564.0,95018.0,263019.0,137281.0,340504.0,296503.0,91393.0,523860.0,135194.0,328550.0,145385.0,149018.0,163962.0,190697.0,151561.0,241432.0,113915.0,103951.0,44079.0,172776.0
1783675029.7349162,0.0,108918.0,69516.0,263858.0,101665.0,103767.0,154553.0,165948.0,185794.0,174593.0,251284.0,137189.0,169386.0,140081.0,155528.0,326791.0,501890.0,367221.0,194887.0,453918.0,161767.0,828761.0,524970.0,282585.0,130049.0,41080.0,89196.0,79567.0,51730.0,139357.0,135502.0,140325.0,98569.0,103082.0,270110.0,54808.0,227703.0,54011.0,226312.0,202185.0,282882.0,230973.0,121437.0,106805.0,93488.0,112192.0,112011.0,180828.0,65094.0,100464.0,115260.0,159696.0,250646.0,245681.0,65879.0,343912.0,324982.0,35253.0,218765.0,133248.0,152269.0,159798.0,204015.0,72029.0,157343.0,157424.0,328087.0,120987.0,138828.0,128482.0,75015.0,320146.0,398482.0,318919.0,326632.0,199569.0,226142.0,138967.0,221770.0,311555.0,105566.0,114680.0,343875.0,423760.0,446112.0,616900.0,89382.0,596286.0,876950.0,1805337.0,1671038.0,1203949.0,1178573.0,1684986.0,836116.0,2479794.0,1276573.0,860320.0,256039.0,692750.0,565549.0,605470.0,403512.0,530941.0,349955.0,493273.0,448852.0,456938.0,328384.0,347342.0,576176.0,171061.0,232607.0,244404.0,224085.0,249735.0,420473.0,248617.0,196831.0,146586.0,308500.0,267792.0,152216.0,173529.0,177954.0,216287.0,169339.0,192206.0
1783675032.4336128,0.0,146802.0,15194.0,215837.0,140979.0,70064.0,48853.0,27098.0,137112.0,76088.0,111861.0,162256.0,124418.0,60592.0,57774.0,11658.0,18459.0,277578.0,209309.0,273827.0,362196.0,398184.0,637614.0,558292.0,416879.0,498132.0,83725.0,111926.0,175682.0,63182.0,52729.0,135965.0,38874.0,265106.0,47158.0,19185.0,132472.0,62523.0,193388.0,101499.0,186790.0,103915.0,176477.0,167884.0,110172.0,299694.0,197494.0,139486.0,182299.0,117314.0,290047.0,175504.0,229454.0,233501.0,142319.0,255095.0,86569.0,44077.0,48176.0,191311.0,43565.0,167758.0,117897.0,66272.0,57068.0,51409.0,98730.0,194293.0,91456.0,76435.0,376498.0,134345.0,147272.0,181980.0,167834.0,293997.0,527481.0,41953.0,284864.0,236333.0,283102.0,631013.0,370449.0,298337.0,159088.0,520906.0,417835.0,365275.0,782079.0,834366.0,386826.0,1603341.0,1794205.0,1707783.0,1631037.0,1206359.0,807810.0,1182054.0,412382.0,710600.0,480877.0,510076.0,1507668.0,566045.0,150039.0,1103449.0,979987.0,427447.0,526118.0,476267.0,102429.0,483847.0,502934.0,767534.0,587753.0,339804.0,405112.0,409810.0,388826.0,188662.0,47801.0,415160.0,292507.0,209123.0,558961.0,546323.0,105197.0,194547.0
1783675035.012513,0.0,69563.0,76815.0,104534.0,13173.0,42832.0,120594.0,151116.0,116693.0,30754.0,75151.0,139812.0,95399.0,62531.0,88952.0,98955.0,121303.0,97491.0,29661.0,35404.0,198374.0,190021.0,174419.0,417672.0,402471.0,747158.0,439342.0,841716.0,660798.0,334465.0,69390.0,175228.0,38804.0,103293.0,92899.0,157000.0,192128.0,171225.0,114089.0,196241.0,223056.0,86965.0,304035.0,263627.0,137326.0,47698.0,285963.0,149712.0,148868.0,228300.0,82229.0,54118.0,110210.0,66135.0,96043.0,109177.0,155335.0,84283.0,59948.0,108426.0,226309.0,57676.0,66993.0,106222.0,91838.0,167274.0,202533.0,124011.0,203712.0,37815.0,178090.0,101491.0,60045.0,187563.0,162516.0,133906.0,368777.0,296355.0,174432.0,294730.0,335014.0,140461.0,200212.0,56684.0,360004.0,496541.0,214154.0,209168.0,257246.0,472432.0,1341490.0,1100315.0,229414.0,1278946.0,2759076.0,2762146.0,1934072.0,703998.0,623680.0,549659.0,262773.0,351893.0,206927.0,263326.0,377987.0,214752.0,146196.0,43443.0,146777.0,151264.0,173764.0,127298.0,97194.0,265947.0,275929.0,262775.0,104050.0,73260.0,36142.0,36418.0,87251.0,69804.0,59486.0,143979.0,65293.0,141561.0,47375.0,15106.0
1783675037.567738,0.0,47880.0,163849.0,44118.0,48947.0,77384.0,54285.0,137182.0,159415.0,64139.0,75754.0,59713.0,92333.0,22717.0,24442.0,9838.0,43551.0,100264.0,68126.0,43063.0,190757.0,211636.0,119344.0,102978.0,14567.0,110069.0,596612.0,1024289.0,566886.0,331881.0,215666.0,258849.0,111248.0,87270.0,72306.0,28892.0,137441.0,131773.0,164964.0,375009.0,375708.0,301102.0,152943.0,64643.0,82186.0,81765.0,259091.0,137834.0,108052.0,144657.0,115238.0,98503.0,101132.0,98428.0,123376.0,160545.0,41762.0,106158.0,15555.0,49581.0,26214.0,57040.0,41529.0,92478.0,87118.0,169468.0,173960.0,261401.0,80107.0,71370.0,55379.0,80001.0,99657.0,54772.0,101262.0,82528.0,303897.0,141645.0,210136.0,201418.0,130998.0,195001.0,159433.0,191777.0,282892.0,126349.0,182088.0,222662.0,360321.0,379588.0,443604.0,404490.0,483030.0,1584558.0,3712832.0,2794081.0,782220.0,755827.0,552449.0,285827.0,222921.0,182745.0,191507.0,233881.0,203207.0,118966.0,237534.0,131150.0,68993.0,129320.0,40244.0,18033.0,34321.0,234281.0,202124.0,57328.0,137965.0,62802.0,46737.0,71786.0,145907.0,69062.0,117040.0,79935.0,152006.0,68001.0,70462.0,38052.0
1783675040.127182,0.0,115662.0,97614.0,44483.0,16843.0,55796.0,68019.0,49451.0,88013.0,78362.0,77384.0,26638.0,31867.0,76328.0,100765.0,50191.0,166671.0,83430.0,220240.0,359215.0,373588.0,195111.0,440920.0,232450.0,343988.0,677255.0,328373.0,548676.0,468326.0,396612.0,369292.0,105915.0,58689.0,18882.0,34863.0,103852.0,121600.0,189986.0,95259.0,96548.0,219959.0,74334.0,291702.0,145974.0,136559.0,173109.0,185922.0,272339.0,175876.0,71731.0,105389.0,153905.0,208266.0,204001.0,163338.0,147335.0,97153.0,146966.0,77782.0,56247.0,63632.0,109167.0,36479.0,78582.0,151244.0,68297.0,155741.0,30006.0,200680.0,89961.0,264972.0,225848.0,223803.0,194834.0,20779.0,231432.0,228838.0,136467.0,139507.0,154694.0,132367.0,207747.0,171696.0,175780.0,333632.0,253486.0,266320.0,313379.0,431177.0,562143.0,653374.0,907546.0,1038866.0,2170280.0,3653066.0,1917070.0,992774.0,668810.0,215269.0,308977.0,179024.0,164742.0,139123.0,89890.0,113231.0,89676.0,134190.0,86055.0,87998.0,130667.0,31889.0,120973.0,63576.0,275998.0,137939.0,149749.0,123251.0,69778.0,115301.0,99210.0,101814.0,96748.0,107505.0,90191.0,59743.0,53599.0,21453.0,39315.0
1783675042.6892624,0.0,24307.0,112422.0,88376.0,77902.0,181948.0,93431.0,83995.0,63842.0,102208.0,45249.0,14006.0,71620.0,47324.0,151002.0,139041.0,69988.0,41291.0,143265.0,60157.0,224784.0,176804.0,410792.0,495366.0,455039.0,385707.0,486112.0,348843.0,254189.0,136963.0,484940.0,257598.0,368192.0,593384.0,536895.0,272620.0,188202.0,31734.0,122501.0,51824.0,149195.0,24873.0,290429.0,226600.0,159474.0,161682.0,194013.0,173740.0,77872.0,218271.0,25152.0,104083.0,15781.0,247006.0,81765.0,96962.0,106705.0,102518.0,71364.0,25432.0,60132.0,43420.0,146701.0,137380.0,55056.0,119732.0,91442.0,149599.0,74284.0,182933.0,129402.0,72070.0,120243.0,178059.0,112057.0,193244.0,75727.0,118501.0,140499.0,81213.0,148666.0,128538.0,148408.0,140579.0,174535.0,199081.0,137999.0,262573.0,205481.0,339254.0,392722.0,702031.0,1097059.0,2006823.0,2570744.0,1335827.0,2675246.0,2132527.0,835248.0,176668.0,307088.0,185057.0,287612.0,216327.0,185418.0,224291.0,179961.0,168510.0,139073.0,191203.0,80151.0,250825.0,158770.0,150676.0,178739.0,149736.0,203480.0,183494.0,94913.0,118985.0,117087.0,63752.0,162462.0,93403.0,84685.0,138723.0,54035.0,118813.0
1783675045.2489498,0.0,75420.0,68672.0,59282.0,29357.0,23350.0,71455.0,39517.0,65218.0,173159.0,111700.0,195680.0,83769.0,65104.0,230240.0,85974.0,70731.0,41482.0,113229.0,27208.0,53417.0,28558.0,86840.0,77746.0,36431.0,32557.0,56354.0,87767.0,145757.0,204435.0,274792.0,551556.0,1309608.0,565696.0,477144.0,316931.0,312341.0,265144.0,208479.0,132963.0,136791.0,76838.0,55719.0,104316.0,87401.0,76244.0,49563.0,42736.0,74323.0,35261.0,129334.0,114866.0,177438.0,184874.0,41471.0,103727.0,100147.0,104333.0,36939.0,35511.0,49077.0,71763.0,55342.0,143640.0,216562.0,174557.0,2110.0,74216.0,65746.0,42275.0,41470.0,45403.0,95034.0,203999.0,112159.0,78176.0,155316.0,120198.0,179612.0,193959.0,113821.0,143973.0,112000.0,169160.0,80865.0,149655.0,120673.0,110559.0,196204.0,130900.0,172129.0,166838.0,157764.0,230057.0,322693.0,915820.0,4998106.0,930971.0,492556.0,340895.0,324683.0,296870.0,243409.0,241633.0,166786.0,170499.0,114005.0,107575.0,199965.0,94386.0,130720.0,116424.0,141478.0,144457.0,96383.0,113242.0,229717.0,49197.0,46576.0,132088.0,153384.0,54066.0,53409.0,35280.0,79736.0,63387.0,77189.0,183964.0
1783675047.8107245,0.0,25975.0,71711.0,142926.0,31189.0,76839.0,46032.0,71961.0,74004.0,99869.0,27447.0,146493.0,176035.0,81899.0,42670.0,106995.0,100180.0,209156.0,108407.0,113637.0,127201.0,56641.0,109744.0,62123.0,125085.0,85295.0,86614.0,73590.0,147908.0,667483.0,845133.0,369189.0,506896.0,556198.0,448906.0,165309.0,480009.0,234470.0,36481.0,90061.0,80173.0,98421.0,49661.0,126461.0,41936.0,15130.0,36286.0,67233.0,141141.0,250435.0,139373.0,150723.0,67477.0,178992.0,126020.0,153726.0,179551.0,94584.0,149594.0,79752.0,22617.0,25339.0,161977.0,145150.0,176469.0,116367.0,222840.0,121663.0,220319.0,150784.0,107564.0,179639.0,210416.0,102680.0,67207.0,103624.0,296713.0,168607.0,106420.0,151909.0,102889.0,247863.0,65736.0,164355.0,282047.0,267381.0,270795.0,275190.0,265126.0,320046.0,431802.0,411465.0,418680.0,524398.0,1275832.0,3054763.0,3178115.0,1797349.0,799109.0,516463.0,425501.0,275678.0,214648.0,189853.0,119093.0,124335.0,121447.0,211429.0,120688.0,36341.0,169882.0,37670.0,58642.0,58554.0,128433.0,208501.0,178576.0,121642.0,57816.0,117157.0,84970.0,79290.0,94409.0,52235.0,97774.0,161344.0,48808.0,86163.0
1783675050.3693905,0.0,65730.0,77716.0,96690.0,76513.0,56588.0,62464.0,26603.0,64505.0,148135.0,153694.0,111893.0,48635.0,54619.0,80846.0,34898.0,150226.0,169941.0,72190.0,138436.0,69041.0,57818.0,112967.0,159793.0,269051.0,351639.0,465237.0,501688.0,105509.0,1083102.0,514925.0,256225.0,150411.0,64315.0,122521.0,158250.0,416768.0,226346.0,46267.0,293996.0,282770.0,189838.0,100029.0,72508.0,60308.0,91780.0,130161.0,220259.0,128889.0,186097.0,108316.0,12518.0,58776.0,89521.0,75698.0,180324.0,178495.0,17816.0,47400.0,78333.0,44920.0,77473.0,68620.0,90621.0,27255.0,57012.0,248836.0,132453.0,142518.0,123088.0,95708.0,57080.0,80758.0,43185.0,35048.0,218432.0,177804.0,42224.0,96902.0,88417.0,157677.0,111039.0,199397.0,172311.0,133012.0,82924.0,72685.0,152141.0,246254.0,227726.0,335480.0,376277.0,489880.0,546080.0,290081.0,5060645.0,472458.0,417105.0,336814.0,231118.0,248735.0,176679.0,314850.0,82502.0,60734.0,103394.0,146194.0,136531.0,151212.0,134145.0,167728.0,150475.0,150728.0,189084.0,192285.0,211416.0,68864.0,32235.0,81544.0,76494.0,97434.0,164491.0,184863.0,113093.0,134989.0,101194.0,31723.0,90837.0
1783675052.9504306,0.0,124706.0,78420.0,36341.0,61027.0,137185.0,167605.0,37764.0,57505.0,62732.0,85281.0,82130.0,146291.0,73204.0,60183.0,131331.0,83678.0,102306.0,102294.0,187754.0,45423.0,82877.0,214972.0,41395.0,413509.0,73266.0,1288239.0,36016.0,407458.0,106455.0,187608.0,144075.0,66687.0,71094.0,98154.0,150022.0,164802.0,90164.0,141316.0,143341.0,237016.0,164115.0,372391.0,294423.0,73125.0,222405.0,174769.0,248660.0,143646.0,167013.0,52473.0,73408.0,218584.0,168022.0,61622.0,96191.0,119161.0,99916.0,116858.0,76167.0,125238.0,72832.0,92035.0,207127.0,59301.0,41768.0,139013.0,203167.0,111942.0,76528.0,209788.0,51246.0,196281.0,107268.0,210908.0,134739.0,219629.0,195256.0,280344.0,169183.0,310716.0,228983.0,241236.0,422319.0,220637.0,315196.0,427957.0,166304.0,278174.0,229249.0,373926.0,401201.0,753700.0,2621073.0,2415100.0,2734651.0,1304333.0,784317.0,1017335.0,158037.0,690172.0,439922.0,126599.0,433463.0,209015.0,216121.0,345046.0,81797.0,219583.0,168929.0,132091.0,255467.0,217613.0,144868.0,129389.0,244443.0,92216.0,119255.0,150297.0,148898.0,10734.0,215277.0,140014.0,146856.0,43291.0,115837.0,117105.0,90158.0
1783675055.507961,0.0,102514.0,32913.0,3287.0,150964.0,79974.0,91258.0,131736.0,136386.0,92699.0,63257.0,123105.0,174147.0,90922.0,61187.0,115673.0,156796.0,112591.0,71253.0,141883.0,104327.0,108795.0,18289.0,63238.0,81861.0,331593.0,531328.0,716381.0,331403.0,653086.0,674149.0,36833.0,262922.0,140495.0,179077.0,40468.0,289562.0,273821.0,133934.0,18612.0,74207.0,333083.0,250828.0,189934.0,89716.0,115003.0,98179.0,124705.0,41299.0,241958.0,154568.0,45562.0,105466.0,120323.0,97141.0,96114.0,35651.0,47670.0,142265.0,8981.0,219373.0,80210.0,225110.0,148218.0,104507.0,260540.0,164729.0,143092.0,79803.0,52130.0,124292.0,66339.0,115865.0,170761.0,118311.0,193719.0,84492.0,33416.0,17395.0,51623.0,142320.0,49396.0,131231.0,40232.0,150631.0,151648.0,150357.0,188381.0,164293.0,247835.0,420744.0,250271.0,661798.0,1296231.0,1041799.0,4518111.0,1310651.0,596581.0,306034.0,326787.0,122709.0,160888.0,237077.0,170177.0,171607.0,161465.0,253788.0,189165.0,141642.0,65033.0,212710.0,168973.0,166714.0,155352.0,221693.0,449821.0,93908.0,159549.0,110569.0,103739.0,91295.0,142378.0,45699.0,22034.0,143466.0,133622.0,134394.0,53454.0
1783675058.1015642,0.0,64440.0,97929.0,140873.0,99114.0,85224.0,24146.0,182983.0,137027.0,41403.0,131198.0,104454.0,55883.0,192213.0,91960.0,13299.0,159145.0,66931.0,82332.0,88259.0,50093.0,100027.0,7668.0,43850.0,55037.0,101008.0,209729.0,214309.0,269209.0,628137.0,601665.0,662250.0,783096.0,743618.0,286534.0,126291.0,46997.0,293080.0,299137.0,99754.0,231902.0,116851.0,101787.0,132536.0,49675.0,128470.0,82870.0,151973.0,189819.0,54450.0,212118.0,55468.0,68267.0,240353.0,84640.0,57742.0,52129.0,41336.0,232699.0,104604.0,139227.0,187829.0,95645.0,109040.0,293129.0,89018.0,15808.0,66153.0,7051.0,107166.0,66905.0,111443.0,336973.0,130822.0,339116.0,305220.0,197764.0,240739.0,149665.0,108333.0,90987.0,30938.0,290033.0,204527.0,105992.0,306713.0,17432.0,255489.0,369772.0,90764.0,605780.0,536539.0,541003.0,1640620.0,856061.0,428684.0,4026890.0,1025111.0,1385200.0,292858.0,774253.0,843508.0,356914.0,537848.0,435082.0,115866.0,113670.0,175212.0,155120.0,87388.0,168121.0,242219.0,186472.0,146378.0,233472.0,58471.0,173296.0,277708.0,184520.0,125526.0,242924.0,256695.0,302718.0,125388.0,217484.0,187194.0,185114.0,102201.0
1783675060.7110016,0.0,107314.0,121930.0,89428.0,93524.0,54150.0,52203.0,58124.0,338492.0,114448.0,220570.0,38682.0,150901.0,312962.0,59553.0,142751.0,119309.0,136959.0,63558.0,78400.0,78552.0,115332.0,64912.0,129700.0,42050.0,292732.0,189686.0,184880.0,155016.0,197522.0,150517.0,356385.0,101903.0,672962.0,895195.0,626412.0,392734.0,141239.0,154842.0,175156.0,71488.0,54950.0,75136.0,26147.0,99114.0,98604.0,187742.0,132572.0,28568.0,76707.0,136701.0,181928.0,32516.0,53823.0,132361.0,174233.0,172938.0,85767.0,150961.0,114573.0,159443.0,241784.0,38823.0,146348.0,96873.0,71531.0,34700.0,107013.0,113125.0,125471.0,106198.0,102009.0,226943.0,82595.0,356522.0,229035.0,166377.0,266471.0,284530.0,310586.0,239839.0,345867.0,290465.0,86949.0,495598.0,591620.0,202911.0,193539.0,156142.0,446379.0,679473.0,160188.0,211224.0,910784.0,693628.0,1746757.0,1478435.0,2805717.0,1778785.0,937610.0,1411840.0,585709.0,970623.0,1228639.0,508755.0,365197.0,500510.0,405852.0,198731.0,298457.0,332844.0,173324.0,73103.0,337961.0,105328.0,381523.0,285359.0,97548.0,280379.0,66373.0,66804.0,130379.0,143982.0,185631.0,304032.0,293610.0,246514.0,387045.0
1783675063.265413,0.0,122649.0,88777.0,97280.0,71245.0,177788.0,119030.0,99595.0,81954.0,50922.0,29794.0,36110.0,22239.0,70145.0,100187.0,153515.0,83513.0,139689.0,105464.0,41708.0,70788.0,102205.0,155571.0,186763.0,166344.0,143156.0,248328.0,161868.0,191600.0,205555.0,280755.0,94048.0,206779.0,227398.0,475161.0,837544.0,331877.0,635705.0,589160.0,326478.0,82827.0,47555.0,30538.0,35286.0,22003.0,102092.0,23327.0,151595.0,92182.0,47883.0,44625.0,66603.0,20610.0,74753.0,5314.0,141886.0,228487.0,44018.0,210897.0,258423.0,220099.0,199433.0,161406.0,170608.0,134016.0,148509.0,99229.0,163086.0,92431.0,60899.0,44040.0,90237.0,89002.0,118660.0,17475.0,85498.0,243847.0,233170.0,60673.0,63567.0,80959.0,88717.0,101301.0,173971.0,74869.0,151819.0,99771.0,176441.0,113294.0,219274.0,135440.0,210804.0,268705.0,450027.0,549249.0,884092.0,1885367.0,3753057.0,2416303.0,1255793.0,526354.0,192351.0,208437.0,160682.0,184528.0,112519.0,128929.0,58491.0,86787.0,32765.0,77629.0,77231.0,137191.0,70794.0,84798.0,130079.0,73195.0,217148.0,206803.0,326752.0,204143.0,53528.0,134653.0,55040.0,133051.0,107835.0,41750.0,27274.0
1783675065.8309789,0.0,70932.0,175032.0,117117.0,60879.0,128607.0,70593.0,106815.0,122675.0,81999.0,54628.0,65669.0,195882.0,153377.0,61825.0,40130.0,62507.0,17412.0,49261.0,17811.0,240601.0,180381.0,40164.0,237375.0,65234.0,104805.0,107468.0,79232.0,322925.0,268334.0,219335.0,190966.0,217421.0,394716.0,207136.0,417452.0,735238.0,208714.0,646902.0,586844.0,302553.0,158970.0,83034.0,43243.0,76573.0,45732.0,21994.0,17386.0,82419.0,58365.0,132727.0,43881.0,123469.0,185407.0,131726.0,132079.0,257622.0,80995.0,132444.0,253557.0,298916.0,157724.0,63067.0,155029.0,233536.0,94015.0,162318.0,58394.0,50606.0,106710.0,88901.0,201759.0,109274.0,66872.0,63579.0,145653.0,119125.0,256627.0,168727.0,73396.0,92834.0,123239.0,46715.0,147197.0,184495.0,146743.0,114467.0,251764.0,216534.0,309996.0,205588.0,295253.0,341114.0,110249.0,413378.0,1293847.0,2821150.0,2257679.0,2659320.0,1813861.0,827001.0,344492.0,358661.0,297076.0,231684.0,149077.0,148898.0,165181.0,135087.0,131350.0,24493.0,93746.0,63023.0,74947.0,160045.0,36173.0,141936.0,266680.0,250503.0,319821.0,39801.0,142246.0,101353.0,40917.0,123642.0,50493.0,181736.0,125598.0
1783675068.385387,0.0,93993.0,129962.0,55680.0,29662.0,131602.0,112430.0,125829.0,63122.0,41812.0,70549.0,151717.0,86902.0,244715.0,252420.0,228154.0,239322.0,144520.0,222486.0,88903.0,164892.0,182339.0,204253.0,116825.0,185087.0,76560.0,120250.0,34269.0,37124.0,23404.0,76168.0,120628.0,83420.0,42838.0,114468.0,140228.0,350497.0,337401.0,412063.0,502191.0,290271.0,438159.0,768424.0,715672.0,363698.0,116702.0,207673.0,119520.0,52957.0,77231.0,87352.0,35286.0,54896.0,69296.0,38449.0,77841.0,82759.0,238282.0,50206.0,48446.0,91992.0,49003.0,125703.0,158697.0,198604.0,90177.0,28347.0,4565.0,87711.0,65919.0,112864.0,78676.0,83212.0,144755.0,74373.0,87245.0,21938.0,143692.0,241938.0,185269.0,37810.0,71940.0,76117.0,71662.0,83423.0,42591.0,69060.0,66055.0,58417.0,81454.0,43201.0,89283.0,28872.0,135800.0,196995.0,266810.0,407064.0,912724.0,1952609.0,4069502.0,2376667.0,449105.0,162037.0,191845.0,192580.0,142523.0,63436.0,55364.0,23030.0,19855.0,53408.0,31753.0,73828.0,76446.0,141351.0,69446.0,77563.0,84245.0,57300.0,98917.0,253820.0,189785.0,62593.0,46171.0,56785.0,59608.0,96322.0,30436.0
1783675070.95059,0.0,41806.0,37317.0,195896.0,134157.0,48842.0,88807.0,85221.0,35068.0,71957.0,197151.0,177084.0,230036.0,44385.0,184805.0,101075.0,106683.0,80673.0,106426.0,211969.0,260857.0,229048.0,93652.0,94428.0,115996.0,42001.0,115276.0,41906.0,29633.0,52238.0,61456.0,74829.0,19516.0,123293.0,95176.0,131993.0,100345.0,100133.0,385797.0,607555.0,587099.0,300831.0,369759.0,202873.0,702090.0,606092.0,202367.0,40757.0,176423.0,72193.0,37900.0,101002.0,43102.0,41489.0,103173.0,199807.0,121143.0,181250.0,111011.0,150864.0,218003.0,131498.0,85646.0,198650.0,65709.0,189347.0,192819.0,94283.0,111134.0,43835.0,47447.0,80741.0,82299.0,111768.0,9186.0,78488.0,89610.0,121002.0,171789.0,18980.0,224285.0,140906.0,167031.0,127184.0,86285.0,153870.0,167685.0,58815.0,149976.0,143826.0,92984.0,149570.0,204184.0,309221.0,224319.0,419234.0,405840.0,904488.0,2628142.0,3042802.0,2476258.0,1675432.0,448390.0,263740.0,283220.0,220526.0,227640.0,169903.0,126477.0,105143.0,110871.0,228620.0,112136.0,59212.0,170178.0,68499.0,96570.0,33486.0,97817.0,210555.0,256240.0,120645.0,72967.0,144564.0,83889.0,148568.0,86538.0,105242.0
1783675073.5212672,0.0,85588.0,117964.0,132154.0,87168.0,68151.0,12826.0,94111.0,157902.0,57333.0,157473.0,77457.0,236422.0,62336.0,91780.0,66257.0,27379.0,119213.0,108242.0,90589.0,30790.0,123749.0,157295.0,225678.0,243019.0,80561.0,165633.0,106048.0,92700.0,397138.0,245249.0,25874.0,66956.0,538728.0,985912.0,257269.0,331923.0,454322.0,507277.0,323330.0,189870.0,109363.0,21135.0,72775.0,76130.0,96466.0,107703.0,69694.0,50945.0,34274.0,142169.0,23311.0,114092.0,145486.0,225808.0,140080.0,275635.0,157578.0,135853.0,99459.0,131167.0,114967.0,131256.0,99600.0,220077.0,129676.0,137159.0,160214.0,85022.0,55457.0,142877.0,27835.0,185434.0,33044.0,121490.0,387301.0,300400.0,250651.0,48424.0,85289.0,87861.0,177153.0,266793.0,209472.0,76220.0,52182.0,227708.0,281961.0,415684.0,273003.0,199638.0,13950.0,473257.0,865746.0,934768.0,1320731.0,818713.0,4055939.0,776665.0,1792360.0,1061844.0,543861.0,144834.0,162080.0,343354.0,340928.0,330760.0,168060.0,13321.0,57299.0,235079.0,219149.0,170419.0,129959.0,66216.0,72671.0,221298.0,305001.0,229385.0,91454.0,205562.0,336060.0,136434.0,124789.0,130911.0,215013.0,186102.0,19349.0
1783675076.0970087,0.0,36357.0,82612.0,115416.0,116738.0,141243.0,116207.0,224243.0,154500.0,73166.0,94620.0,70321.0,60176.0,21956.0,94583.0,203116.0,110329.0,51173.0,41650.0,29337.0,24964.0,50892.0,78652.0,76214.0,215153.0,285087.0,202814.0,177159.0,188920.0,245430.0,457221.0,157619.0,578352.0,298144.0,652042.0,684038.0,161566.0,872487.0,217146.0,219515.0,12387.0,172350.0,63108.0,95769.0,95425.0,81076.0,67668.0,24143.0,105222.0,167205.0,108434.0,147155.0,28739.0,163470.0,158062.0,147990.0,131906.0,219506.0,70513.0,91705.0,190193.0,142946.0,77107.0,62619.0,145239.0,132881.0,133191.0,65948.0,57538.0,216402.0,132360.0,67576.0,248664.0,94271.0,221653.0,178029.0,14483.0,272277.0,191511.0,111908.0,103875.0,133462.0,141989.0,147521.0,122792.0,54262.0,244223.0,140882.0,318839.0,381193.0,200971.0,372062.0,307056.0,727579.0,1016879.0,949753.0,3154756.0,2146608.0,2726192.0,594285.0,779504.0,519816.0,361843.0,421365.0,78387.0,345076.0,117795.0,191502.0,238933.0,74064.0,222340.0,39811.0,149193.0,175250.0,121655.0,165293.0,116812.0,219456.0,401821.0,207393.0,115467.0,141287.0,70777.0,143878.0,79940.0,106902.0,101635.0,148353.0
1783675078.6542807,0.0,160016.0,116962.0,3779.0,87113.0,114498.0,53517.0,88578.0,115161.0,116229.0,81434.0,173481.0,51088.0,48042.0,151913.0,44080.0,202495.0,77430.0,235232.0,215065.0,299468.0,264671.0,100562.0,357408.0,172112.0,379631.0,295145.0,62103.0,288166.0,241907.0,138270.0,60337.0,168123.0,209443.0,275349.0,618259.0,316361.0,524216.0,682998.0,495092.0,544607.0,307560.0,83096.0,341410.0,117114.0,92487.0,27074.0,57223.0,62116.0,85691.0,126957.0,164719.0,179674.0,232025.0,81543.0,42306.0,120326.0,135722.0,190146.0,259044.0,229994.0,124024.0,103051.0,156367.0,100204.0,14804.0,40106.0,49377.0,205472.0,125025.0,117419.0,44479.0,97054.0,74242.0,56620.0,124333.0,156924.0,284952.0,87202.0,145935.0,88239.0,241717.0,53527.0,178757.0,94560.0,145310.0,103559.0,109445.0,101510.0,231708.0,294664.0,127583.0,71305.0,193552.0,340963.0,763942.0,546743.0,812205.0,4757585.0,921053.0,742055.0,622308.0,91227.0,232445.0,201678.0,230441.0,180127.0,48612.0,39419.0,119724.0,72187.0,112745.0,105196.0,172641.0,195349.0,60757.0,172881.0,129698.0,177184.0,268513.0,119823.0,173207.0,131191.0,223274.0,172866.0,101818.0,162986.0,130324.0
1783675081.2195387,0.0,120260.0,147315.0,159356.0,64271.0,142773.0,62924.0,33965.0,213170.0,67717.0,37673.0,51759.0,170529.0,232566.0,303158.0,33326.0,210714.0,180106.0,171744.0,95732.0,43471.0,189642.0,120873.0,118817.0,151436.0,64864.0,16653.0,38665.0,51358.0,94075.0,91728.0,63097.0,54055.0,58785.0,42873.0,132690.0,186221.0,237358.0,335930.0,443784.0,683674.0,445906.0,564853.0,562016.0,456513.0,360879.0,58297.0,37878.0,101681.0,128533.0,76324.0,126969.0,130381.0,50267.0,71681.0,78519.0,163362.0,83574.0,217147.0,178204.0,112747.0,139988.0,217332.0,69518.0,125347.0,159042.0,111603.0,118045.0,27041.0,51277.0,107460.0,109473.0,49754.0,162787.0,61265.0,165497.0,29752.0,97046.0,165507.0,10408.0,90966.0,84562.0,121067.0,78295.0,112908.0,63659.0,44522.0,106269.0,31702.0,104523.0,125287.0,118774.0,32937.0,136271.0,145484.0,123791.0,292514.0,601365.0,1887859.0,4360561.0,1835509.0,766784.0,279393.0,56164.0,168367.0,145450.0,147114.0,21931.0,144503.0,78560.0,122351.0,70221.0,75269.0,96207.0,104591.0,57027.0,155762.0,138267.0,131176.0,73326.0,173013.0,198415.0,156040.0,77860.0,105662.0,39338.0,108794.0,32839.0
1783675083.782609,0.0,125364.0,65151.0,95767.0,79606.0,147507.0,76383.0,35111.0,70856.0,92588.0,99593.0,232594.0,280799.0,99258.0,166448.0,204344.0,191273.0,148776.0,147449.0,217668.0,191941.0,141612.0,86620.0,143762.0,91388.0,89384.0,56220.0,74993.0,55882.0,21436.0,72789.0,80432.0,114481.0,36396.0,61825.0,89789.0,234232.0,104502.0,270035.0,545809.0,525627.0,249407.0,403446.0,550951.0,883129.0,313148.0,104657.0,77584.0,98309.0,74755.0,60108.0,43337.0,95203.0,119213.0,171523.0,93801.0,177146.0,115248.0,245504.0,205701.0,200509.0,184364.0,132097.0,36214.0,187458.0,88022.0,135472.0,155565.0,15295.0,93697.0,74595.0,158206.0,45537.0,15270.0,75233.0,64255.0,110962.0,201674.0,264958.0,132585.0,146452.0,83037.0,95834.0,106928.0,189952.0,38218.0,182715.0,139709.0,113000.0,96421.0,113445.0,156297.0,128542.0,212811.0,222493.0,386306.0,459463.0,112203.0,2157988.0,4019070.0,1697355.0,1294477.0,742449.0,424511.0,308094.0,180772.0,225084.0,181531.0,167100.0,151434.0,118625.0,176264.0,264964.0,260251.0,129285.0,194872.0,122424.0,174205.0,37815.0,234214.0,263340.0,216616.0,49659.0,107245.0,93402.0,34751.0,115012.0,129266.0
1783675086.3363857,0.0,142987.0,57057.0,212615.0,82780.0,334592.0,150387.0,220393.0,171803.0,119564.0,82442.0,230552.0,77071.0,122806.0,98793.0,46626.0,57802.0,138725.0,168819.0,82880.0,19815.0,64288.0,34971.0,93048.0,101492.0,40120.0,218485.0,46469.0,103458.0,146383.0,93578.0,79548.0,93191.0,108369.0,52737.0,109305.0,124899.0,34298.0,134613.0,24766.0,181206.0,133476.0,58337.0,346396.0,218087.0,632541.0,472434.0,224205.0,1019019.0,270835.0,201892.0,168200.0,98741.0,138026.0,99520.0,180161.0,149244.0,242448.0,48464.0,47791.0,190590.0,60541.0,76389.0,48077.0,103077.0,146148.0,64341.0,151732.0,120447.0,41476.0,169427.0,119020.0,81442.0,99925.0,32526.0,27073.0,76434.0,78038.0,83044.0,293609.0,112275.0,74761.0,66883.0,70269.0,73844.0,100820.0,186038.0,79643.0,68586.0,97380.0,67062.0,88393.0,186462.0,108126.0,179024.0,160873.0,117767.0,307316.0,68912.0,844720.0,1434415.0,4544659.0,1777571.0,324684.0,243906.0,180083.0,164824.0,155167.0,144326.0,130500.0,189685.0,219863.0,156643.0,105144.0,114124.0,55103.0,94297.0,139480.0,93884.0,103444.0,59676.0,54583.0,97622.0,248999.0,110844.0,42779.0,88684.0,82991.0
1783675088.8957467,0.0,205577.0,103212.0,109646.0,130608.0,50924.0,168976.0,99276.0,76936.0,168295.0,107127.0,163415.0,177196.0,239697.0,176254.0,131960.0,371971.0,198520.0,18040.0,123666.0,209830.0,127265.0,118177.0,40231.0,18205.0,83592.0,140371.0,83680.0,7076.0,102861.0,28952.0,33171.0,5005.0,94007.0,113494.0,38442.0,119930.0,92475.0,251302.0,155721.0,154913.0,682423.0,867033.0,276730.0,536477.0,371140.0,323034.0,331575.0,266198.0,254484.0,221294.0,171033.0,250235.0,156026.0,131367.0,170980.0,85232.0,92973.0,226285.0,125995.0,42514.0,5129.0,31151.0,218566.0,150530.0,124172.0,77446.0,80806.0,205833.0,104724.0,24777.0,164055.0,17143.0,115977.0,71271.0,81205.0,29698.0,102231.0,351833.0,83509.0,64853.0,38069.0,88234.0,191864.0,149061.0,65277.0,86485.0,75038.0,75999.0,87119.0,151584.0,115423.0,157924.0,153403.0,135194.0,236951.0,386273.0,282133.0,837067.0,3075918.0,3180765.0,2167251.0,1025183.0,749507.0,431630.0,364114.0,210367.0,291375.0,169782.0,114809.0,59516.0,69974.0,105935.0,79332.0,55379.0,232411.0,217753.0,111818.0,85755.0,102566.0,209430.0,327039.0,112562.0,19234.0,54619.0,93220.0,80956.0,89234.0
1783675091.471172,0.0,85030.0,148236.0,152498.0,195995.0,109661.0,71531.0,121834.0,131342.0,92661.0,140868.0,116741.0,215321.0,125649.0,170095.0,226703.0,178351.0,191206.0,95197.0,100151.0,317510.0,182023.0,299385.0,306169.0,141650.0,214338.0,59008.0,105215.0,98501.0,127109.0,102299.0,67948.0,82863.0,56861.0,139680.0,41265.0,100296.0,247383.0,911993.0,822593.0,453145.0,509268.0,370744.0,369474.0,194775.0,75751.0,79801.0,18954.0,136432.0,90682.0,114674.0,44068.0,79224.0,5317.0,78773.0,113184.0,174556.0,174195.0,106033.0,162326.0,690163.0,176961.0,220671.0,214505.0,255800.0,143660.0,100579.0,40818.0,47122.0,83362.0,10780.0,56725.0,141370.0,169110.0,163206.0,57946.0,54007.0,434848.0,69357.0,43019.0,202535.0,78333.0,101025.0,171157.0,89254.0,176514.0,178329.0,205116.0,240283.0,284916.0,356785.0,291380.0,322660.0,234314.0,251941.0,126219.0,514513.0,552301.0,4018916.0,2079125.0,1332773.0,1105583.0,748291.0,539958.0,356719.0,329088.0,216088.0,288205.0,172746.0,105971.0,59736.0,118158.0,58900.0,151017.0,67568.0,292802.0,139821.0,94662.0,158819.0,409800.0,445524.0,218441.0,125052.0,73691.0,97965.0,114462.0,81988.0,107187.0
1783675094.0334263,0.0,164386.0,69727.0,135732.0,90988.0,91509.0,140708.0,72818.0,122033.0,106269.0,116041.0,88235.0,139761.0,48454.0,306018.0,166994.0,198271.0,92611.0,100733.0,291513.0,121862.0,148611.0,210231.0,42348.0,87915.0,84188.0,158852.0,169569.0,63518.0,40348.0,90985.0,100986.0,81173.0,102256.0,117519.0,116048.0,153576.0,211226.0,217898.0,637448.0,260668.0,633143.0,713636.0,202459.0,547148.0,352332.0,317081.0,179844.0,164109.0,97860.0,235625.0,157020.0,244576.0,167658.0,85174.0,106418.0,365557.0,178657.0,454744.0,181422.0,19969.0,158970.0,88435.0,177430.0,337339.0,195736.0,164393.0,58463.0,40576.0,115342.0,116552.0,234111.0,38140.0,27394.0,101061.0,159035.0,168090.0,202648.0,347763.0,134912.0,148969.0,78695.0,196132.0,246212.0,377652.0,112199.0,281846.0,84201.0,92142.0,237385.0,339304.0,336374.0,151699.0,85062.0,139685.0,382159.0,977197.0,2037904.0,1214147.0,3431782.0,1949873.0,550724.0,1182845.0,991661.0,682848.0,287494.0,39143.0,132626.0,265928.0,300827.0,273486.0,210801.0,117140.0,113070.0,266935.0,183729.0,120303.0,114913.0,122790.0,140510.0,168591.0,206511.0,121285.0,99707.0,29348.0,33484.0,41155.0,30229.0
1783675096.6304226,0.0,96665.0,113824.0,114302.0,198902.0,42516.0,138240.0,86560.0,155366.0,108734.0,151455.0,236396.0,304990.0,29388.0,234485.0,52669.0,117713.0,143671.0,465386.0,459157.0,114817.0,243046.0,237161.0,82542.0,311773.0,159553.0,132384.0,84974.0,181508.0,94537.0,46877.0,85635.0,187151.0,27046.0,162635.0,53822.0,151978.0,243132.0,268864.0,307759.0,133628.0,628784.0,604194.0,417833.0,800877.0,489620.0,276734.0,186001.0,147233.0,89193.0,113819.0,77994.0,114483.0,168205.0,149489.0,286479.0,159973.0,100835.0,267164.0,280670.0,252582.0,101839.0,97697.0,295821.0,216129.0,116218.0,56723.0,195996.0,131903.0,129545.0,363919.0,167032.0,239026.0,301688.0,75717.0,204211.0,88975.0,105652.0,163400.0,201546.0,66504.0,242314.0,163580.0,273212.0,207210.0,68346.0,56880.0,361175.0,82240.0,235917.0,410705.0,285108.0,444108.0,918590.0,512152.0,932045.0,39603.0,293068.0,1811164.0,1507477.0,1255322.0,2960911.0,1760287.0,1414286.0,517092.0,731516.0,167964.0,483966.0,159005.0,223074.0,180493.0,314931.0,513349.0,297732.0,204805.0,469639.0,41477.0,151084.0,79420.0,269841.0,255679.0,58727.0,434846.0,163399.0,282977.0,145834.0,81617.0,212203.0
1783675099.199195,0.0,23516.0,207945.0,149777.0,192349.0,304801.0,149016.0,212896.0,102078.0,83568.0,110762.0,42848.0,64763.0,64131.0,139865.0,144349.0,71283.0,209255.0,90935.0,56566.0,133144.0,129822.0,17420.0,101056.0,61210.0,42780.0,77830.0,105441.0,171475.0,147209.0,10563.0,146167.0,56057.0,29758.0,52199.0,98315.0,32625.0,59130.0,79119.0,77165.0,17424.0,52586.0,78303.0,28590.0,62826.0,81257.0,292922.0,109613.0,849931.0,856416.0,309150.0,564192.0,319072.0,270034.0,283527.0,97217.0,57896.0,96543.0,21272.0,217726.0,28309.0,24712.0,14985.0,80783.0,43067.0,121279.0,114515.0,94170.0,75965.0,99885.0,117451.0,227277.0,189217.0,64847.0,132445.0,145762.0,118348.0,133385.0,104698.0,158993.0,319808.0,58947.0,158665.0,130404.0,187111.0,166299.0,206884.0,193587.0,144982.0,159661.0,104744.0,246974.0,200318.0,264566.0,166401.0,289056.0,453515.0,378136.0,541291.0,582392.0,1330372.0,1435965.0,4448811.0,1038131.0,573865.0,502981.0,346166.0,141378.0,247099.0,169481.0,120561.0,204310.0,79639.0,95518.0,35965.0,79872.0,21077.0,128403.0,96551.0,9469.0,41002.0,74929.0,56607.0,243089.0,133815.0,68807.0,106004.0,121696.0
1783675101.758326,0.0,43338.0,53853.0,172404.0,298885.0,283594.0,168979.0,100461.0,68642.0,122093.0,299660.0,204480.0,185203.0,43717.0,24666.0,57121.0,37130.0,54014.0,105629.0,66148.0,110295.0,50278.0,128159.0,41337.0,105850.0,213016.0,82582.0,154343.0,102645.0,64058.0,45655.0,31015.0,216526.0,15216.0,86937.0,50585.0,38868.0,67457.0,57838.0,108400.0,32658.0,83372.0,86441.0,219798.0,457156.0,345679.0,491542.0,351883.0,225284.0,325770.0,494956.0,470956.0,371154.0,718564.0,409976.0,370352.0,81893.0,153394.0,204505.0,188465.0,116252.0,64520.0,105991.0,17399.0,85380.0,176265.0,188234.0,146683.0,12089.0,67272.0,68112.0,110663.0,86578.0,65738.0,104528.0,132322.0,113192.0,114923.0,57250.0,200081.0,135252.0,154115.0,137210.0,57589.0,74479.0,15151.0,120105.0,94876.0,180835.0,57058.0,64371.0,62299.0,67978.0,9913.0,104543.0,114084.0,136592.0,147133.0,330676.0,747845.0,1332326.0,2742488.0,2403149.0,3176719.0,1166896.0,185266.0,250873.0,85994.0,76614.0,111329.0,79864.0,97050.0,186588.0,146850.0,137318.0,91343.0,70657.0,70229.0,95213.0,50134.0,120463.0,127670.0,153132.0,136263.0,160794.0,209056.0,91845.0,36709.0
1783675104.3184266,0.0,106992.0,164513.0,167783.0,66052.0,225600.0,176832.0,323603.0,88657.0,100095.0,55792.0,56476.0,69742.0,86588.0,35816.0,32780.0,118556.0,116063.0,60729.0,43494.0,31793.0,87334.0,46580.0,94194.0,105578.0,100613.0,114766.0,89703.0,169442.0,50055.0,74924.0,24337.0,110368.0,87635.0,90308.0,98600.0,21497.0,34566.0,68275.0,55810.0,57097.0,116102.0,95775.0,50526.0,100953.0,110940.0,129134.0,364014.0,647457.0,517881.0,216036.0,391690.0,435528.0,281497.0,276720.0,707621.0,363171.0,283907.0,104177.0,111495.0,133025.0,85676.0,61622.0,67916.0,31892.0,19463.0,81061.0,58670.0,107913.0,81803.0,114370.0,94990.0,92807.0,64245.0,95084.0,105521.0,118346.0,96342.0,176235.0,135730.0,86528.0,53576.0,223039.0,78463.0,6050.0,28830.0,57204.0,32363.0,122860.0,94079.0,81194.0,53711.0,47861.0,73206.0,193824.0,72709.0,148990.0,313539.0,413387.0,359072.0,1008138.0,2480873.0,2474017.0,2158221.0,2442981.0,1203207.0,418526.0,556997.0,382578.0,202551.0,411892.0,363529.0,302032.0,199759.0,177320.0,182841.0,185688.0,199765.0,235472.0,190849.0,239876.0,189026.0,118891.0,78564.0,255195.0,213458.0,268477.0,255615.0
1783675106.8820364,0.0,78042.0,57287.0,102618.0,171238.0,104449.0,92417.0,226489.0,164559.0,162427.0,216129.0,272193.0,298874.0,356447.0,56037.0,114549.0,146607.0,9929.0,40482.0,72739.0,123154.0,116399.0,73398.0,260313.0,32977.0,94506.0,68799.0,58947.0,62497.0,117037.0,60903.0,39136.0,116362.0,179848.0,85904.0,25765.0,60590.0,74038.0,43852.0,153513.0,164941.0,114947.0,102195.0,557122.0,1182464.0,354968.0,375254.0,162024.0,251039.0,164015.0,251459.0,116029.0,33231.0,83927.0,102823.0,323731.0,391820.0,55708.0,164538.0,113307.0,49729.0,117997.0,166052.0,165259.0,145830.0,191870.0,351572.0,195376.0,66613.0,91019.0,76204.0,108739.0,107500.0,89542.0,119937.0,82026.0,37032.0,103193.0,288502.0,204678.0,79974.0,16588.0,82959.0,100263.0,71269.0,154980.0,91239.0,103847.0,102998.0,306753.0,196408.0,141336.0,35791.0,160524.0,247458.0,52350.0,153844.0,29268.0,172485.0,649989.0,5024006.0,698268.0,218697.0,158521.0,321794.0,150846.0,166393.0,67104.0,139723.0,194843.0,117485.0,273062.0,291634.0,101708.0,23463.0,82688.0,119226.0,68211.0,31448.0,196703.0,34602.0,95833.0,251731.0,238439.0,146705.0,142896.0,45496.0,103547.0
1783675109.4727883,0.0,145075.0,99210.0,313983.0,151664.0,118020.0,208295.0,191449.0,52825.0,71226.0,141685.0,182514.0,64062.0,37599.0,205429.0,57377.0,80928.0,54210.0,126710.0,29953.0,187869.0,172879.0,83868.0,99914.0,142512.0,153719.0,214154.0,180329.0,53310.0,59556.0,79844.0,74911.0,203612.0,162936.0,107639.0,106247.0,190813.0,318480.0,116290.0,45465.0,107233.0,158880.0,93269.0,14730.0,273290.0,154968.0,260399.0,386761.0,791667.0,281111.0,486040.0,493398.0,184935.0,162116.0,435963.0,104967.0,118771.0,272358.0,273090.0,75783.0,251659.0,186525.0,79848.0,42471.0,67484.0,190567.0,37177.0,57884.0,9563.0,299197.0,137899.0,28369.0,144123.0,178315.0,70688.0,110986.0,192958.0,179468.0,167583.0,235591.0,17496.0,136945.0,369770.0,253443.0,124554.0,87284.0,157699.0,142583.0,89138.0,162414.0,171743.0,271006.0,284452.0,402081.0,391208.0,460665.0,80168.0,610729.0,662339.0,1083709.0,1365843.0,1382749.0,2513282.0,2360271.0,1864375.0,1319698.0,803739.0,665518.0,361044.0,436287.0,330040.0,149573.0,355466.0,228165.0,142893.0,362813.0,421010.0,164014.0,156131.0,310463.0,307902.0,188834.0,62035.0,52901.0,340266.0,291008.0,518826.0,333216.0
1783675112.0493407,0.0,128432.0,156126.0,154655.0,267559.0,262948.0,135779.0,60666.0,161861.0,168718.0,126264.0,120724.0,104463.0,122732.0,134625.0,102541.0,78783.0,68047.0,130973.0,167562.0,16786.0,125961.0,63145.0,40486.0,98238.0,117560.0,187520.0,63214.0,187183.0,86537.0,228663.0,94696.0,208368.0,98516.0,161568.0,19816.0,22046.0,136406.0,104898.0,133657.0,82190.0,107408.0,165602.0,172271.0,199458.0,62445.0,154470.0,197416.0,232896.0,371211.0,628897.0,715269.0,794179.0,504064.0,919313.0,163134.0,310306.0,264507.0,136043.0,139706.0,102363.0,132185.0,101253.0,75762.0,129142.0,84312.0,105393.0,62343.0,81596.0,52709.0,129376.0,80303.0,141664.0,163243.0,46918.0,67992.0,355028.0,119752.0,108549.0,193710.0,25790.0,265313.0,42634.0,30764.0,219914.0,157605.0,123873.0,258403.0,236035.0,204725.0,155458.0,160516.0,25746.0,135947.0,277160.0,343832.0,594902.0,541772.0,587195.0,1103692.0,990823.0,239077.0,681152.0,3830566.0,2368848.0,1033943.0,580877.0,629828.0,658494.0,354939.0,200652.0,194029.0,22847.0,56484.0,106295.0,107649.0,178270.0,137737.0,111993.0,75994.0,99180.0,68102.0,29009.0,114735.0,69826.0,196515.0,211240.0,31221.0
1783675114.6104083,0.0,62159.0,51687.0,129668.0,24379.0,193748.0,151723.0,178379.0,83254.0,211496.0,246810.0,87775.0,172276.0,90789.0,140880.0,33675.0,209860.0,122549.0,17564.0,190665.0,31143.0,54847.0,129071.0,72453.0,21277.0,137051.0,53852.0,69499.0,135145.0,79089.0,199177.0,164820.0,145660.0,47576.0,171681.0,157133.0,66255.0,112045.0,69252.0,137877.0,90754.0,84787.0,45999.0,85792.0,141324.0,134759.0,94482.0,420315.0,188196.0,117089.0,77540.0,51787.0,194664.0,168342.0,197368.0,192308.0,318707.0,959650.0,343054.0,454125.0,405224.0,285666.0,273396.0,341418.0,101794.0,67680.0,115207.0,181200.0,90732.0,69978.0,120307.0,176095.0,178338.0,89746.0,73279.0,52905.0,151893.0,82702.0,55231.0,243393.0,231038.0,137388.0,338735.0,121111.0,236130.0,123568.0,102935.0,145107.0,194462.0,133229.0,123480.0,133467.0,405470.0,158707.0,83057.0,541078.0,313894.0,369933.0,238120.0,342434.0,604255.0,518427.0,774296.0,684413.0,3730191.0,2666142.0,1458664.0,795335.0,507399.0,396965.0,300888.0,223973.0,48295.0,35543.0,266510.0,132161.0,146829.0,212209.0,92387.0,19839.0,87920.0,40116.0,98841.0,64325.0,118148.0,134925.0,167967.0,317204.0
