Timestamp,Freq_Bin_0,Freq_Bin_1,Freq_Bin_2,Freq_Bin_3,Freq_Bin_4,Freq_Bin_5,Freq_Bin_6,Freq_Bin_7,Freq_Bin_8,Freq_Bin_9,Freq_Bin_10,Freq_Bin_11,Freq_Bin_12,Freq_Bin_13,Freq_Bin_14,Freq_Bin_15,Freq_Bin_16,Freq_Bin_17,Freq_Bin_18,Freq_Bin_19,Freq_Bin_20,Freq_Bin_21,Freq_Bin_22,Freq_Bin_23,Freq_Bin_24,Freq_Bin_25,Freq_Bin_26,Freq_Bin_27,Freq_Bin_28,Freq_Bin_29,Freq_Bin_30,Freq_Bin_31,Freq_Bin_32,Freq_Bin_33,Freq_Bin_34,Freq_Bin_35,Freq_Bin_36,Freq_Bin_37,Freq_Bin_38,Freq_Bin_39,Freq_Bin_40,Freq_Bin_41,Freq_Bin_42,Freq_Bin_43,Freq_Bin_44,Freq_Bin_45,Freq_Bin_46,Freq_Bin_47,Freq_Bin_48,Freq_Bin_49,Freq_Bin_50,Freq_Bin_51,Freq_Bin_52,Freq_Bin_53,Freq_Bin_54,Freq_Bin_55,Freq_Bin_56,Freq_Bin_57,Freq_Bin_58,Freq_Bin_59,Freq_Bin_60,Freq_Bin_61,Freq_Bin_62,Freq_Bin_63,Freq_Bin_64,Freq_Bin_65,Freq_Bin_66,Freq_Bin_67,Freq_Bin_68,Freq_Bin_69,Freq_Bin_70,Freq_Bin_71,Freq_Bin_72,Freq_Bin_73,Freq_Bin_74,Freq_Bin_75,Freq_Bin_76,Freq_Bin_77,Freq_Bin_78,Freq_Bin_79,Freq_Bin_80,Freq_Bin_81,Freq_Bin_82,Freq_Bin_83,Freq_Bin_84,Freq_Bin_85,Freq_Bin_86,Freq_Bin_87,Freq_Bin_88,Freq_Bin_89,Freq_Bin_90,Freq_Bin_91,Freq_Bin_92,Freq_Bin_93,Freq_Bin_94,Freq_Bin_95,Freq_Bin_96,Freq_Bin_97,Freq_Bin_98,Freq_Bin_99,Freq_Bin_100,Freq_Bin_101,Freq_Bin_102,Freq_Bin_103,Freq_Bin_104,Freq_Bin_105,Freq_Bin_106,Freq_Bin_107,Freq_Bin_108,Freq_Bin_109,Freq_Bin_110,Freq_Bin_111,Freq_Bin_112,Freq_Bin_113,Freq_Bin_114,Freq_Bin_115,Freq_Bin_116,Freq_Bin_117,Freq_Bin_118,Freq_Bin_119,Freq_Bin_120,Freq_Bin_121,Freq_Bin_122,Freq_Bin_123,Freq_Bin_124,Freq_Bin_125,Freq_Bin_126,Freq_Bin_127
1783619962.516812,0.0,80964.0,90642.0,16257.0,18148.0,42123.0,34887.0,27695.0,77175.0,78459.0,71925.0,74176.0,177437.0,67733.0,64991.0,72436.0,66618.0,79269.0,37548.0,58488.0,38143.0,66703.0,16197.0,97503.0,104602.0,65886.0,69924.0,61669.0,12587.0,183796.0,48860.0,164948.0,96991.0,108361.0,24519.0,105613.0,116935.0,94780.0,65102.0,82698.0,116537.0,59071.0,157735.0,202627.0,152078.0,155501.0,145752.0,247978.0,168591.0,266334.0,429403.0,480164.0,808408.0,2144994.0,3058240.0,789279.0,632098.0,300648.0,275895.0,321856.0,191711.0,188265.0,199649.0,171046.0,201453.0,144746.0,153428.0,141152.0,43698.0,133814.0,130026.0,55583.0,105948.0,162744.0,92853.0,14161.0,169467.0,81455.0,60643.0,66666.0,69618.0,139554.0,36809.0,154849.0,123170.0,78773.0,88826.0,93651.0,113037.0,41266.0,146720.0,133702.0,56682.0,83368.0,202034.0,322725.0,146757.0,92088.0,90136.0,28438.0,32346.0,84240.0,52152.0,61924.0,71163.0,51540.0,116172.0,274809.0,65971.0,43852.0,52691.0,67115.0,116502.0,87094.0,89540.0,66736.0,95019.0,22042.0,140392.0,188139.0,133746.0,28422.0,68924.0,101411.0,91378.0,151665.0,183328.0,130199.0
1783619965.0789807,0.0,76474.0,56850.0,10031.0,98569.0,97210.0,7272.0,61595.0,70222.0,99998.0,202649.0,74085.0,93533.0,63210.0,12117.0,76610.0,55273.0,75699.0,141738.0,97472.0,27698.0,76437.0,62798.0,117105.0,194310.0,138064.0,167590.0,63875.0,64787.0,39511.0,106214.0,89150.0,144076.0,31294.0,106988.0,66937.0,113521.0,116029.0,100276.0,61374.0,83952.0,161115.0,204012.0,103025.0,150428.0,115712.0,141283.0,192021.0,200144.0,217128.0,268418.0,433823.0,713235.0,3511696.0,1319128.0,711400.0,390889.0,285915.0,249837.0,264326.0,153717.0,151821.0,173541.0,175239.0,153888.0,138375.0,184902.0,22610.0,91551.0,117363.0,158066.0,99218.0,1681.0,219533.0,183337.0,126001.0,29818.0,182434.0,43472.0,9599.0,19986.0,12170.0,79921.0,70054.0,111110.0,47543.0,174556.0,50206.0,139775.0,55846.0,88204.0,84477.0,9531.0,27728.0,128411.0,139376.0,290077.0,312542.0,98395.0,67842.0,23479.0,26497.0,87388.0,69929.0,46773.0,37771.0,289319.0,148017.0,59929.0,7123.0,54139.0,81174.0,105839.0,16799.0,46502.0,20624.0,183757.0,87993.0,130250.0,182932.0,105336.0,165385.0,106967.0,87657.0,31213.0,63900.0,150802.0,74285.0
1783619967.630638,0.0,51824.0,16065.0,19755.0,76541.0,54800.0,82743.0,67052.0,210804.0,80453.0,84633.0,50455.0,71210.0,34275.0,73713.0,40377.0,40672.0,88405.0,48731.0,66695.0,54710.0,66378.0,103693.0,50880.0,122864.0,28045.0,81939.0,62546.0,32991.0,168890.0,75856.0,74581.0,74615.0,75688.0,88699.0,160069.0,58190.0,90097.0,31901.0,54773.0,150183.0,32274.0,90696.0,85342.0,66302.0,72354.0,75844.0,88808.0,82356.0,95186.0,239956.0,245155.0,783099.0,3639694.0,732684.0,215467.0,155593.0,181837.0,183794.0,108400.0,97061.0,265632.0,145346.0,94057.0,30027.0,72122.0,89483.0,101261.0,134558.0,129774.0,71352.0,63603.0,94187.0,92123.0,86327.0,66303.0,48303.0,87101.0,67908.0,39041.0,66097.0,50337.0,109240.0,56563.0,17139.0,59506.0,133483.0,69917.0,121932.0,88588.0,120181.0,122019.0,37033.0,33639.0,138160.0,76053.0,148550.0,248291.0,407149.0,68217.0,140096.0,134731.0,77755.0,126576.0,34192.0,268457.0,238292.0,119540.0,23974.0,88756.0,21292.0,141761.0,17360.0,88261.0,112657.0,86024.0,63545.0,80254.0,41024.0,68942.0,41590.0,132975.0,46905.0,33133.0,23012.0,28433.0,47908.0,6344.0
1783619970.1976466,0.0,64079.0,55579.0,25481.0,94732.0,168758.0,131121.0,181134.0,43865.0,28440.0,45034.0,75854.0,39613.0,124251.0,80566.0,46145.0,78335.0,46130.0,72907.0,27068.0,90244.0,115373.0,79584.0,87156.0,88095.0,102361.0,34790.0,49587.0,68756.0,8986.0,19593.0,51442.0,91554.0,64804.0,51579.0,36889.0,18126.0,78096.0,47139.0,75310.0,39478.0,19312.0,139203.0,101532.0,119964.0,163152.0,123300.0,257341.0,282645.0,343167.0,540461.0,942942.0,2820990.0,1838266.0,681619.0,280715.0,204000.0,270129.0,205772.0,131958.0,67268.0,79791.0,93211.0,124263.0,88859.0,153701.0,149442.0,92236.0,165581.0,125181.0,156819.0,79973.0,149131.0,144025.0,65608.0,112982.0,99814.0,111628.0,121273.0,95197.0,103245.0,27267.0,38235.0,85190.0,111901.0,67150.0,54794.0,57222.0,65823.0,72965.0,84803.0,96619.0,74724.0,18214.0,83069.0,65526.0,80387.0,122091.0,243781.0,349958.0,391556.0,188760.0,170512.0,152555.0,220503.0,361004.0,63297.0,27363.0,51350.0,77626.0,115548.0,22468.0,24918.0,130569.0,92353.0,67361.0,38439.0,39413.0,82081.0,18622.0,68254.0,55589.0,50599.0,22387.0,37056.0,74937.0,30355.0,72381.0
1783619972.7474926,0.0,99371.0,155991.0,31527.0,107602.0,59313.0,55868.0,70419.0,69945.0,45906.0,36408.0,66078.0,11929.0,46532.0,21208.0,5635.0,22840.0,21482.0,22123.0,23346.0,41657.0,12037.0,23664.0,51943.0,46299.0,16657.0,13918.0,39474.0,14181.0,4487.0,5507.0,28667.0,40804.0,42096.0,50787.0,52688.0,43411.0,42254.0,60488.0,115498.0,58642.0,88288.0,118812.0,84464.0,134950.0,113308.0,167783.0,111940.0,188047.0,418164.0,564069.0,3051145.0,1102810.0,728471.0,428698.0,196990.0,114363.0,291381.0,184561.0,149112.0,149526.0,129230.0,162164.0,80874.0,145664.0,69061.0,39252.0,75216.0,72039.0,74920.0,75636.0,58572.0,66117.0,45399.0,74666.0,56196.0,44918.0,32989.0,74605.0,50065.0,63218.0,12249.0,42351.0,49736.0,66833.0,82007.0,81085.0,70555.0,51335.0,58383.0,68778.0,40558.0,114348.0,101696.0,36689.0,68159.0,16336.0,40074.0,105760.0,53727.0,202338.0,382878.0,366986.0,190958.0,346783.0,310008.0,39797.0,104789.0,73508.0,68447.0,31869.0,65607.0,47766.0,64932.0,9099.0,17356.0,15132.0,48368.0,22969.0,20930.0,12436.0,5205.0,20782.0,44868.0,14426.0,9245.0,42603.0,50620.0
1783619975.3142507,0.0,65451.0,122187.0,39436.0,128529.0,88310.0,21898.0,138442.0,62829.0,74354.0,113659.0,34200.0,59520.0,85996.0,69500.0,31893.0,76324.0,107529.0,43184.0,53083.0,88298.0,43028.0,128086.0,67766.0,92778.0,83341.0,148292.0,23346.0,81513.0,43735.0,89156.0,78833.0,62062.0,9612.0,101440.0,117071.0,94689.0,72492.0,136674.0,153672.0,91615.0,46030.0,164278.0,157159.0,182332.0,223624.0,239431.0,195244.0,402922.0,453875.0,760213.0,2041990.0,918369.0,621679.0,414651.0,370596.0,104339.0,76388.0,72338.0,69068.0,81215.0,181695.0,61161.0,6490.0,104812.0,7221.0,52068.0,60728.0,36345.0,59372.0,60489.0,69582.0,35260.0,37628.0,65208.0,64808.0,74245.0,55123.0,54327.0,101863.0,57281.0,96892.0,14901.0,30353.0,45725.0,101658.0,49072.0,111551.0,6426.0,92886.0,115845.0,89115.0,92400.0,86034.0,90641.0,129432.0,41746.0,49235.0,59274.0,212164.0,230418.0,142864.0,440014.0,366497.0,122938.0,86382.0,130502.0,149844.0,57636.0,36267.0,153581.0,41385.0,73647.0,44166.0,34078.0,57828.0,6274.0,101375.0,68202.0,71681.0,63096.0,105920.0,23675.0,109679.0,43418.0,42626.0,19864.0,79058.0
1783619977.8644729,0.0,47916.0,49943.0,92980.0,29781.0,43034.0,83987.0,60545.0,54223.0,91937.0,71701.0,74000.0,42781.0,41063.0,68127.0,56678.0,68872.0,53175.0,53441.0,14978.0,28368.0,41707.0,69269.0,25136.0,20466.0,68941.0,17924.0,45660.0,103543.0,52344.0,77193.0,46422.0,35203.0,57650.0,56577.0,38624.0,62423.0,97413.0,105216.0,68343.0,27753.0,119305.0,43981.0,53728.0,93985.0,100612.0,32250.0,9386.0,269965.0,796182.0,1878725.0,995474.0,453790.0,171493.0,52128.0,113343.0,45859.0,88830.0,21163.0,34984.0,5998.0,86041.0,91105.0,2651.0,47984.0,4370.0,89176.0,63975.0,28414.0,68963.0,36354.0,12497.0,19158.0,38241.0,34260.0,60492.0,23372.0,30467.0,42438.0,30208.0,40835.0,21543.0,18551.0,71053.0,47322.0,28747.0,14923.0,62361.0,32821.0,33756.0,38979.0,21556.0,29973.0,43205.0,48335.0,20021.0,64174.0,111979.0,157269.0,352045.0,213491.0,260687.0,224763.0,218659.0,153993.0,154284.0,195170.0,182931.0,188584.0,147637.0,113159.0,93856.0,25733.0,42948.0,25751.0,28315.0,24475.0,51216.0,41329.0,72979.0,30107.0,87267.0,20070.0,86340.0,40393.0,17523.0,44012.0,19791.0
1783619980.4320965,0.0,18973.0,33182.0,17154.0,30314.0,9454.0,7577.0,24312.0,45720.0,91734.0,65725.0,72624.0,43775.0,56557.0,98264.0,62627.0,44710.0,43819.0,61154.0,36403.0,38100.0,79960.0,42830.0,22637.0,36687.0,38849.0,61146.0,68884.0,50320.0,74850.0,56115.0,78145.0,18459.0,70664.0,58166.0,85905.0,83224.0,67355.0,26279.0,50853.0,26258.0,45070.0,33216.0,88033.0,195072.0,334570.0,182144.0,715305.0,654373.0,271853.0,127282.0,114423.0,50229.0,47450.0,45177.0,15482.0,40568.0,35632.0,13237.0,15378.0,59112.0,58159.0,18093.0,10199.0,8752.0,39064.0,17515.0,32567.0,12243.0,23591.0,49261.0,19114.0,42659.0,5202.0,37945.0,29117.0,33345.0,48799.0,48474.0,76472.0,11051.0,65872.0,17969.0,19351.0,67078.0,42765.0,39447.0,112763.0,149577.0,203158.0,209784.0,147434.0,97234.0,164299.0,156233.0,254372.0,250731.0,148736.0,44028.0,31303.0,40579.0,29404.0,2622.0,29189.0,22374.0,36310.0,12042.0,45304.0,71955.0,79301.0,58384.0,65691.0,196741.0,144288.0,175336.0,59382.0,130377.0,38260.0,95654.0,91962.0,87181.0,137189.0,143007.0,100522.0,57639.0,72204.0,39650.0,67863.0
1783619982.994685,0.0,19087.0,85474.0,123771.0,75614.0,160985.0,91379.0,29045.0,77465.0,52989.0,52223.0,38856.0,51489.0,14121.0,6140.0,25390.0,5403.0,15528.0,11095.0,27748.0,17955.0,28165.0,34381.0,6215.0,32365.0,16058.0,28333.0,17343.0,20430.0,22030.0,28343.0,47857.0,23725.0,45286.0,38596.0,58289.0,68844.0,35498.0,115635.0,21201.0,130804.0,98979.0,51395.0,272278.0,88076.0,8267.0,31732.0,29854.0,54573.0,41073.0,33892.0,48206.0,35944.0,18696.0,28396.0,20613.0,38714.0,22529.0,1316.0,31599.0,13966.0,31866.0,22492.0,53268.0,15383.0,33348.0,36091.0,32519.0,61535.0,38126.0,35158.0,38254.0,42337.0,19341.0,21282.0,50199.0,65362.0,14490.0,31040.0,43223.0,10266.0,29852.0,53229.0,73418.0,85062.0,106025.0,286215.0,465766.0,204162.0,114605.0,102682.0,95665.0,88910.0,35285.0,67449.0,25571.0,46355.0,38121.0,20015.0,53085.0,46002.0,38126.0,66503.0,6917.0,47701.0,27463.0,11321.0,34938.0,32920.0,27530.0,5817.0,14588.0,23133.0,33257.0,52126.0,14938.0,47795.0,56655.0,39011.0,43691.0,37732.0,48360.0,58356.0,19713.0,138238.0,145248.0,256033.0,132521.0
1783619985.5483928,0.0,192050.0,113141.0,38673.0,31481.0,34635.0,30277.0,30696.0,11298.0,23265.0,13535.0,20133.0,29682.0,11762.0,23070.0,21084.0,22227.0,13132.0,10576.0,7393.0,9262.0,10142.0,20513.0,9458.0,15599.0,18001.0,14492.0,16217.0,11532.0,17105.0,13228.0,3876.0,22669.0,24272.0,7738.0,17619.0,48325.0,46763.0,59270.0,48391.0,66574.0,56875.0,193894.0,169166.0,117776.0,75415.0,58157.0,66147.0,52583.0,41822.0,4884.0,18380.0,7472.0,9384.0,14130.0,5977.0,50855.0,614.0,21637.0,7523.0,21382.0,8324.0,24138.0,16221.0,34426.0,18172.0,16841.0,15023.0,17180.0,27515.0,47038.0,10102.0,48204.0,31549.0,44659.0,40506.0,48295.0,24301.0,27426.0,7350.0,14353.0,49620.0,92226.0,77183.0,57906.0,628800.0,311705.0,99522.0,72078.0,21706.0,28044.0,10490.0,19847.0,34438.0,19274.0,24623.0,14703.0,39013.0,14140.0,43489.0,32597.0,9445.0,8916.0,29472.0,19093.0,16560.0,14105.0,16757.0,15018.0,14670.0,4991.0,21489.0,27239.0,26278.0,45495.0,33106.0,7418.0,9528.0,18527.0,27112.0,33921.0,34837.0,17761.0,24009.0,28562.0,64647.0,135927.0,143784.0
1783619988.1178064,0.0,11483.0,43544.0,79342.0,107143.0,77935.0,87426.0,51801.0,76908.0,22065.0,19863.0,12754.0,18866.0,24871.0,40238.0,41229.0,26837.0,13574.0,31750.0,31409.0,32295.0,43044.0,46986.0,36895.0,16883.0,14994.0,23999.0,49098.0,60665.0,16844.0,6566.0,33995.0,34012.0,34467.0,93553.0,50404.0,48394.0,50128.0,45696.0,85270.0,78773.0,116050.0,293129.0,52884.0,39595.0,59560.0,48395.0,50145.0,78257.0,31678.0,27250.0,29566.0,33101.0,35993.0,16708.0,45666.0,39202.0,21349.0,25961.0,21699.0,23595.0,5344.0,47058.0,10866.0,17774.0,16489.0,18768.0,24336.0,57678.0,58986.0,52975.0,38936.0,31035.0,11004.0,18516.0,46929.0,38641.0,86819.0,49602.0,34248.0,36052.0,109782.0,133677.0,411527.0,440464.0,318860.0,132344.0,14502.0,46583.0,75350.0,60547.0,44312.0,34833.0,28758.0,15902.0,27584.0,19151.0,28067.0,32157.0,44245.0,24190.0,69304.0,9682.0,19748.0,23698.0,33920.0,31367.0,27594.0,36080.0,20345.0,43150.0,20109.0,23068.0,17403.0,30346.0,11853.0,16145.0,8615.0,32315.0,52797.0,23453.0,32644.0,25594.0,87463.0,168961.0,179068.0,97257.0,103788.0
1783619990.6821806,0.0,16978.0,26187.0,6593.0,9240.0,22047.0,16137.0,58018.0,127158.0,88786.0,59956.0,43524.0,24235.0,28742.0,46756.0,24319.0,73614.0,36737.0,70093.0,30997.0,15841.0,29177.0,31760.0,57367.0,63967.0,57311.0,82846.0,30801.0,49886.0,27538.0,42295.0,33732.0,35574.0,90123.0,42869.0,38901.0,47114.0,41526.0,36356.0,32560.0,73356.0,378593.0,104151.0,64432.0,30817.0,26943.0,17201.0,29481.0,42804.0,58233.0,91913.0,63731.0,36498.0,14477.0,28090.0,29552.0,12861.0,39035.0,25768.0,29665.0,14202.0,17648.0,13219.0,44997.0,28150.0,46146.0,43299.0,39534.0,32060.0,14235.0,2023.0,12464.0,11064.0,8067.0,44840.0,28286.0,31778.0,55190.0,62445.0,63231.0,86555.0,179197.0,482330.0,518749.0,179905.0,118956.0,83075.0,62501.0,39491.0,29332.0,17890.0,62545.0,14696.0,11026.0,26533.0,38127.0,29965.0,13270.0,20271.0,24650.0,10372.0,12978.0,22372.0,16067.0,41192.0,39204.0,34830.0,11948.0,20619.0,34370.0,20308.0,25764.0,8019.0,29321.0,33443.0,51296.0,48153.0,24684.0,23597.0,25049.0,17269.0,4475.0,25430.0,89716.0,267478.0,98043.0,34750.0,37447.0
1783619993.232209,0.0,13069.0,8592.0,29374.0,45602.0,24367.0,50811.0,27308.0,12021.0,30040.0,105848.0,167056.0,87400.0,32262.0,28937.0,15526.0,11834.0,29439.0,50558.0,46262.0,61144.0,49556.0,25648.0,41500.0,33520.0,34806.0,16852.0,24852.0,24221.0,24806.0,58495.0,7583.0,27093.0,22098.0,38314.0,4105.0,14625.0,46951.0,28771.0,60704.0,107853.0,428333.0,69731.0,15742.0,42992.0,38767.0,39482.0,54818.0,23525.0,17848.0,19279.0,35836.0,124843.0,60127.0,26532.0,33096.0,27552.0,26376.0,42063.0,31148.0,39894.0,41244.0,24294.0,9605.0,6412.0,22024.0,22388.0,8704.0,11921.0,12685.0,12344.0,57604.0,55697.0,19042.0,1122.0,16398.0,48390.0,39910.0,49851.0,85092.0,161540.0,360711.0,639209.0,210181.0,112733.0,79651.0,53674.0,58129.0,54915.0,10999.0,23723.0,34664.0,17636.0,45090.0,41362.0,62033.0,42144.0,50692.0,47323.0,28346.0,28272.0,34112.0,32367.0,30414.0,34880.0,32162.0,18326.0,18338.0,16219.0,23158.0,37761.0,49349.0,51261.0,22031.0,41334.0,37469.0,49649.0,9919.0,21201.0,28174.0,49719.0,73861.0,187663.0,155377.0,50614.0,6473.0,36795.0,12234.0
1783619995.7988598,0.0,74069.0,43899.0,68107.0,28339.0,15215.0,24417.0,9987.0,15535.0,6802.0,18487.0,45766.0,24249.0,24714.0,144433.0,67787.0,13905.0,19288.0,6726.0,20096.0,14283.0,6463.0,16167.0,31917.0,24696.0,22599.0,113686.0,65371.0,91083.0,22269.0,11401.0,26152.0,16496.0,27848.0,22937.0,27364.0,37080.0,52641.0,69902.0,124572.0,482206.0,194533.0,124807.0,48467.0,49793.0,28584.0,37899.0,25874.0,21151.0,25724.0,19798.0,23169.0,46263.0,94354.0,153069.0,134285.0,59551.0,45789.0,17390.0,16261.0,24465.0,26120.0,21886.0,17200.0,12709.0,44097.0,37322.0,72457.0,18557.0,39117.0,13006.0,21218.0,18870.0,21349.0,8702.0,35869.0,46970.0,58351.0,54812.0,115901.0,353064.0,654570.0,225836.0,100797.0,57341.0,72985.0,58848.0,41741.0,52830.0,40054.0,32161.0,47756.0,29881.0,62453.0,47807.0,34277.0,22938.0,22793.0,17969.0,41182.0,26247.0,34822.0,31118.0,12981.0,34290.0,28272.0,33159.0,24721.0,45312.0,41178.0,37394.0,23674.0,13052.0,23427.0,18196.0,27126.0,24312.0,1757.0,37578.0,48935.0,52484.0,228211.0,57472.0,58953.0,3264.0,9137.0,42742.0,27750.0
1783619998.3621619,0.0,6562.0,9943.0,30209.0,11714.0,43746.0,34300.0,64876.0,29165.0,26879.0,19105.0,27277.0,7933.0,14616.0,23096.0,56766.0,152698.0,84352.0,18204.0,3587.0,10786.0,20713.0,37053.0,57183.0,50420.0,24271.0,20263.0,5739.0,17780.0,36149.0,34658.0,19302.0,44027.0,43846.0,53996.0,27337.0,3843.0,25710.0,17724.0,61089.0,573399.0,41298.0,9972.0,23973.0,25184.0,52499.0,23333.0,37377.0,60234.0,42414.0,19917.0,51097.0,37371.0,13338.0,37277.0,83996.0,178117.0,90007.0,30956.0,13129.0,8461.0,15010.0,44426.0,54031.0,40598.0,44499.0,35106.0,11306.0,25859.0,22895.0,33313.0,47913.0,23708.0,50873.0,41546.0,34302.0,23881.0,13624.0,35799.0,156620.0,796469.0,164586.0,51630.0,35868.0,38393.0,48810.0,57063.0,46395.0,68660.0,31672.0,21661.0,39064.0,13391.0,13500.0,8282.0,35029.0,86244.0,37743.0,11879.0,2607.0,20748.0,28473.0,24657.0,18023.0,20515.0,30335.0,23280.0,24305.0,12352.0,18926.0,20380.0,48963.0,39164.0,49437.0,31567.0,26647.0,19586.0,16891.0,24773.0,50280.0,213420.0,44455.0,13558.0,23849.0,24955.0,47281.0,24294.0,54612.0
1783620000.9334993,0.0,16101.0,50781.0,57294.0,60065.0,40705.0,9372.0,2797.0,10042.0,23690.0,28114.0,21525.0,12558.0,43386.0,54824.0,18400.0,49122.0,46446.0,160576.0,72374.0,58627.0,74081.0,66483.0,66159.0,20900.0,30815.0,24571.0,24958.0,7379.0,19410.0,8396.0,16307.0,15184.0,21050.0,16655.0,34737.0,83503.0,90619.0,149274.0,314454.0,482655.0,137115.0,29004.0,95306.0,59389.0,29351.0,14612.0,44143.0,23899.0,27968.0,17152.0,20965.0,42796.0,5768.0,43341.0,12568.0,66792.0,63125.0,183550.0,58046.0,31706.0,77127.0,48456.0,18106.0,9890.0,57192.0,34260.0,42653.0,32313.0,46584.0,14109.0,49486.0,52685.0,34927.0,33275.0,42462.0,41886.0,22426.0,119306.0,713768.0,314907.0,184590.0,136043.0,140950.0,76007.0,38671.0,48480.0,64053.0,56742.0,63279.0,38275.0,60447.0,80380.0,93382.0,31540.0,56965.0,12219.0,72571.0,72239.0,41822.0,18568.0,43494.0,25249.0,4031.0,16275.0,37448.0,35211.0,36179.0,31017.0,56219.0,69853.0,49278.0,17889.0,26521.0,15015.0,78532.0,105334.0,95012.0,77293.0,169752.0,36233.0,56197.0,31953.0,52944.0,14215.0,36322.0,44758.0,20097.0
1783620003.4822989,0.0,30410.0,68704.0,44267.0,20133.0,2466.0,63944.0,22820.0,50523.0,6442.0,19428.0,10508.0,30880.0,35273.0,23041.0,7255.0,41228.0,34080.0,112068.0,99405.0,151674.0,26485.0,27882.0,44188.0,20399.0,24790.0,43457.0,11526.0,29533.0,12508.0,24261.0,26011.0,20587.0,61270.0,27132.0,19779.0,62076.0,86851.0,137510.0,418462.0,263295.0,111646.0,55153.0,73221.0,46936.0,23674.0,41458.0,40953.0,45034.0,25871.0,13488.0,30726.0,16956.0,65403.0,29437.0,20778.0,11222.0,32788.0,40334.0,124922.0,25801.0,53106.0,18823.0,26872.0,40230.0,55061.0,9712.0,45387.0,14155.0,28520.0,25742.0,38697.0,24896.0,42703.0,53713.0,79881.0,62548.0,154650.0,283504.0,694406.0,147961.0,122583.0,80670.0,41989.0,61197.0,19552.0,34445.0,35368.0,33875.0,16632.0,20433.0,17303.0,23196.0,51363.0,40405.0,31550.0,60496.0,51634.0,188857.0,167689.0,78866.0,14687.0,11488.0,32091.0,16794.0,28872.0,18251.0,1050.0,7019.0,16026.0,32006.0,19070.0,38847.0,18144.0,17387.0,43775.0,33967.0,22076.0,158445.0,40780.0,64539.0,28956.0,29575.0,8817.0,30007.0,25901.0,36184.0,9868.0
1783620006.063759,0.0,36671.0,44202.0,42275.0,27076.0,22844.0,52161.0,33687.0,24709.0,11430.0,22859.0,8551.0,13327.0,23921.0,8626.0,36718.0,16139.0,33373.0,44759.0,167831.0,120972.0,126835.0,81552.0,14068.0,76412.0,46086.0,9677.0,33439.0,39518.0,20311.0,13244.0,14869.0,35834.0,43661.0,67744.0,56554.0,81441.0,112078.0,193104.0,451570.0,325102.0,163849.0,69192.0,127314.0,64310.0,53559.0,43614.0,42761.0,4362.0,10252.0,29007.0,40962.0,30662.0,19049.0,58347.0,31157.0,19833.0,19890.0,36724.0,28580.0,56411.0,52692.0,60945.0,18811.0,18308.0,50228.0,43471.0,62534.0,38742.0,23022.0,62035.0,34944.0,43296.0,105002.0,68118.0,69134.0,224510.0,176845.0,202111.0,728845.0,135724.0,67210.0,166424.0,112451.0,19682.0,71835.0,63475.0,37935.0,76694.0,58451.0,35608.0,61214.0,45375.0,24839.0,6882.0,25164.0,18917.0,72146.0,86370.0,75254.0,72536.0,67032.0,41402.0,39987.0,43195.0,17885.0,31586.0,61575.0,47380.0,28286.0,32307.0,21399.0,9213.0,59594.0,31262.0,35830.0,55657.0,161955.0,123156.0,27740.0,31467.0,51240.0,50572.0,34441.0,11862.0,20629.0,4019.0,25828.0
1783620008.6157537,0.0,31518.0,9597.0,31889.0,63482.0,33597.0,11480.0,12792.0,6256.0,14979.0,27959.0,17324.0,27247.0,34445.0,12810.0,4827.0,21004.0,41811.0,185117.0,74660.0,71608.0,185187.0,76083.0,17325.0,25647.0,26127.0,15224.0,26624.0,12660.0,50928.0,29045.0,38017.0,36426.0,44745.0,62371.0,82359.0,26912.0,74724.0,102579.0,563169.0,106085.0,87958.0,60820.0,54303.0,52878.0,33314.0,13894.0,12756.0,17362.0,31627.0,8431.0,49453.0,16857.0,9541.0,19505.0,19610.0,47088.0,100190.0,26535.0,30788.0,54064.0,80685.0,25376.0,46875.0,31385.0,63287.0,28329.0,60906.0,17767.0,31500.0,35544.0,28544.0,46314.0,68643.0,34015.0,89784.0,106803.0,220303.0,567039.0,397053.0,185788.0,104052.0,109606.0,113698.0,62908.0,52663.0,30861.0,27867.0,43372.0,38906.0,36466.0,25250.0,28853.0,28165.0,37672.0,71440.0,44077.0,58078.0,113057.0,158559.0,52257.0,43025.0,39224.0,13843.0,59433.0,27120.0,14546.0,27533.0,26933.0,28542.0,24451.0,31391.0,50446.0,28358.0,43244.0,8649.0,27575.0,122451.0,67227.0,81198.0,71127.0,53560.0,59943.0,23521.0,2909.0,28801.0,18766.0,5073.0
1783620011.1826954,0.0,47439.0,99398.0,91376.0,31224.0,52548.0,110091.0,97562.0,73091.0,57672.0,118589.0,75175.0,29990.0,49826.0,58246.0,21765.0,22161.0,36238.0,55466.0,57512.0,54606.0,5595.0,37204.0,35934.0,51805.0,23420.0,36412.0,63862.0,11613.0,9301.0,23095.0,19714.0,42201.0,47407.0,46923.0,24727.0,37329.0,79682.0,94852.0,141063.0,147359.0,186164.0,63031.0,67605.0,34094.0,21156.0,270894.0,257374.0,67226.0,432636.0,471954.0,326762.0,1861719.0,2373000.0,626597.0,323629.0,201683.0,155648.0,159484.0,149210.0,34693.0,106571.0,116503.0,67739.0,77475.0,87527.0,35379.0,49004.0,90593.0,92513.0,50039.0,56146.0,59030.0,65908.0,51818.0,42100.0,80829.0,18064.0,68612.0,81438.0,60284.0,184305.0,161945.0,227667.0,154373.0,74143.0,75221.0,160047.0,145413.0,78548.0,83899.0,137047.0,60071.0,63418.0,77000.0,164082.0,72817.0,126775.0,341613.0,48073.0,183950.0,97788.0,40949.0,212718.0,41724.0,225419.0,52004.0,14825.0,62830.0,87451.0,32152.0,56943.0,45901.0,120642.0,51350.0,18498.0,53700.0,67590.0,30258.0,56464.0,67472.0,47045.0,76861.0,10075.0,64100.0,48760.0,67637.0,37768.0
1783620013.7474806,0.0,131243.0,75787.0,54263.0,80728.0,43109.0,11889.0,45467.0,81244.0,94884.0,49925.0,55464.0,61281.0,165901.0,194748.0,97200.0,116595.0,113915.0,50930.0,63132.0,76124.0,12895.0,75659.0,117278.0,59893.0,53477.0,44136.0,68542.0,43481.0,67950.0,53221.0,74477.0,70539.0,129538.0,119620.0,66382.0,65426.0,52266.0,33794.0,34551.0,127963.0,182572.0,87887.0,100733.0,107228.0,159822.0,221486.0,290134.0,295843.0,331691.0,428049.0,671957.0,1013711.0,1236702.0,3841181.0,557503.0,438683.0,403556.0,345195.0,203251.0,161192.0,176785.0,178249.0,164092.0,94971.0,89579.0,87710.0,107004.0,217253.0,104995.0,146726.0,125390.0,60779.0,13869.0,40293.0,98939.0,159515.0,118347.0,56399.0,62669.0,35741.0,36569.0,114949.0,72700.0,108852.0,81105.0,59446.0,62393.0,53889.0,64223.0,87983.0,52042.0,46911.0,85633.0,194009.0,329458.0,182008.0,51838.0,62543.0,25589.0,39874.0,66575.0,112492.0,104380.0,71718.0,38607.0,101193.0,139094.0,157377.0,66321.0,18458.0,52033.0,27771.0,51969.0,8953.0,60465.0,114019.0,49342.0,51027.0,89753.0,42020.0,62501.0,70920.0,73261.0,55645.0,28754.0,108457.0,86614.0
1783620016.2998855,0.0,37208.0,26117.0,15218.0,24871.0,20220.0,53306.0,38525.0,15651.0,43193.0,72988.0,300637.0,106167.0,54818.0,49734.0,33546.0,67304.0,40989.0,60149.0,47257.0,29139.0,109521.0,111246.0,74095.0,17601.0,77991.0,46643.0,30330.0,36364.0,41193.0,25551.0,75085.0,66463.0,63894.0,72685.0,71159.0,87992.0,70084.0,90462.0,158070.0,73752.0,80561.0,138198.0,131961.0,146263.0,150860.0,191603.0,215219.0,241647.0,322460.0,371196.0,562599.0,939834.0,3294077.0,2243610.0,894099.0,508843.0,415546.0,315806.0,233963.0,228804.0,160894.0,141605.0,141637.0,49868.0,249335.0,172718.0,157886.0,124493.0,86063.0,111119.0,83521.0,68761.0,102151.0,133109.0,110329.0,46617.0,40235.0,81076.0,45538.0,73894.0,71793.0,36108.0,58325.0,57460.0,51799.0,34737.0,61964.0,66960.0,15973.0,60343.0,39601.0,14894.0,30084.0,20553.0,76900.0,491301.0,135983.0,94932.0,58896.0,76997.0,54431.0,56300.0,97466.0,53008.0,79386.0,126345.0,211817.0,28968.0,39760.0,36165.0,53068.0,43756.0,37331.0,37640.0,62378.0,18613.0,84351.0,122842.0,38361.0,51491.0,62297.0,30446.0,64463.0,33689.0,39527.0,52976.0,25564.0
1783620018.8662777,0.0,39810.0,119637.0,19112.0,51804.0,77895.0,45668.0,39961.0,86255.0,100395.0,40893.0,100576.0,329290.0,124392.0,82070.0,26731.0,71145.0,26133.0,85057.0,56330.0,43149.0,71795.0,58530.0,27775.0,73637.0,147718.0,51499.0,39842.0,73428.0,134428.0,103725.0,66702.0,76192.0,22163.0,131463.0,93985.0,28732.0,78359.0,148556.0,94620.0,43608.0,163755.0,62765.0,97777.0,156944.0,111790.0,102921.0,192252.0,269067.0,80836.0,287093.0,556989.0,475540.0,951320.0,4156651.0,762909.0,118445.0,371900.0,305478.0,101008.0,166403.0,190296.0,85837.0,66539.0,121830.0,117026.0,91309.0,106757.0,59793.0,48555.0,84812.0,64426.0,47235.0,24586.0,77573.0,60316.0,23120.0,29273.0,26523.0,92073.0,32509.0,16603.0,63800.0,71576.0,18295.0,22735.0,15771.0,23245.0,60230.0,50608.0,16832.0,32616.0,26074.0,154859.0,228433.0,290604.0,272202.0,179730.0,43592.0,77131.0,87220.0,53439.0,23654.0,49275.0,77014.0,67586.0,47382.0,142108.0,205231.0,86393.0,60398.0,2449.0,32105.0,67748.0,69153.0,42375.0,10887.0,73143.0,43332.0,94173.0,109721.0,52328.0,31704.0,51354.0,9470.0,44682.0,52045.0,61228.0
1783620021.432687,0.0,54325.0,98084.0,64188.0,63729.0,48107.0,67462.0,82129.0,99785.0,105028.0,169622.0,222757.0,34715.0,24815.0,26192.0,32107.0,68222.0,69201.0,49353.0,58655.0,56705.0,95392.0,51650.0,53103.0,57028.0,44905.0,58755.0,79344.0,81544.0,82530.0,81698.0,78189.0,80460.0,74356.0,98620.0,102868.0,103428.0,91630.0,74257.0,49605.0,102201.0,176018.0,192247.0,44896.0,104010.0,169535.0,156261.0,215774.0,230835.0,286525.0,402790.0,579671.0,926398.0,3664616.0,1914386.0,788396.0,491253.0,306454.0,290155.0,185059.0,179441.0,157110.0,159618.0,125842.0,220598.0,69882.0,54693.0,43490.0,133665.0,83323.0,72062.0,56027.0,74979.0,50792.0,65652.0,103065.0,50973.0,70128.0,40681.0,42617.0,11744.0,51199.0,62476.0,52806.0,25976.0,123545.0,32000.0,54734.0,32570.0,45488.0,27387.0,55898.0,9342.0,71937.0,63500.0,124335.0,500033.0,108630.0,33908.0,62516.0,23295.0,66907.0,27781.0,58996.0,41005.0,66826.0,93516.0,159276.0,8384.0,32451.0,30988.0,13533.0,27723.0,23166.0,20845.0,40422.0,47013.0,108149.0,110855.0,61314.0,30268.0,15823.0,31107.0,33845.0,15756.0,9585.0,18192.0,23432.0
1783620023.997004,0.0,62677.0,78302.0,87091.0,81472.0,73604.0,114431.0,158697.0,55458.0,101131.0,228004.0,112564.0,30890.0,68958.0,16978.0,52546.0,98506.0,25503.0,10650.0,85738.0,15576.0,32480.0,36371.0,49210.0,80631.0,126338.0,54490.0,89719.0,65043.0,107057.0,61879.0,85962.0,84670.0,137088.0,102024.0,52541.0,87274.0,76855.0,22162.0,106133.0,91722.0,86003.0,149541.0,261283.0,84032.0,166750.0,168427.0,287704.0,294968.0,260390.0,444427.0,890373.0,1489680.0,3450349.0,1486518.0,433575.0,315374.0,315254.0,215477.0,190291.0,126248.0,111502.0,133603.0,116739.0,113802.0,87384.0,38461.0,68486.0,116562.0,21447.0,11708.0,51343.0,56031.0,79526.0,41466.0,55823.0,57920.0,101123.0,44918.0,42709.0,64843.0,34038.0,112546.0,50285.0,33777.0,54938.0,99461.0,53209.0,40298.0,28760.0,15317.0,22675.0,51438.0,76839.0,74600.0,68050.0,174094.0,309221.0,181707.0,330410.0,180791.0,34261.0,40525.0,112252.0,172939.0,172454.0,107946.0,99573.0,31383.0,55878.0,13746.0,79030.0,87382.0,78754.0,16838.0,22784.0,110472.0,27531.0,23425.0,55647.0,54144.0,74930.0,19960.0,37719.0,20400.0,32718.0,63780.0,18274.0
1783620026.5554118,0.0,59021.0,154034.0,82528.0,52023.0,19993.0,40923.0,21529.0,14031.0,16804.0,27072.0,9302.0,6546.0,30499.0,16841.0,21073.0,24909.0,18231.0,16235.0,37003.0,17847.0,30186.0,71140.0,31526.0,51673.0,32785.0,16943.0,31692.0,30326.0,23211.0,39189.0,43845.0,26637.0,64112.0,38242.0,45940.0,81981.0,11553.0,53278.0,62531.0,70540.0,83159.0,87711.0,85425.0,91629.0,162678.0,151854.0,303384.0,301567.0,462626.0,705592.0,1892201.0,2888399.0,769740.0,729352.0,363490.0,209454.0,241628.0,230538.0,205554.0,161047.0,154296.0,137440.0,123185.0,112756.0,113478.0,109658.0,71247.0,87453.0,45014.0,88613.0,83554.0,48753.0,50194.0,45939.0,44133.0,61008.0,68890.0,50071.0,70912.0,34209.0,38481.0,76381.0,46567.0,64373.0,63444.0,28036.0,53623.0,78706.0,46778.0,49222.0,61391.0,38392.0,78624.0,89952.0,83543.0,75599.0,54167.0,55867.0,105224.0,121359.0,539083.0,123720.0,365983.0,161395.0,60542.0,38617.0,58264.0,58449.0,42178.0,55229.0,69534.0,39391.0,32381.0,30448.0,42953.0,34708.0,16337.0,47098.0,10200.0,29544.0,47769.0,33818.0,35001.0,38129.0,13196.0,22436.0,62112.0
1783620029.1152122,0.0,90700.0,105008.0,104314.0,70899.0,39998.0,44468.0,78236.0,60671.0,27914.0,20498.0,53848.0,48915.0,43374.0,20623.0,60508.0,71413.0,57211.0,29291.0,35889.0,52383.0,7558.0,26397.0,76780.0,105272.0,72908.0,9517.0,59304.0,72839.0,78770.0,34383.0,85284.0,84801.0,56738.0,41827.0,89319.0,161014.0,40627.0,35115.0,73749.0,103301.0,104770.0,63637.0,136378.0,127838.0,172221.0,117792.0,307476.0,316242.0,323505.0,670011.0,1558134.0,3195167.0,720200.0,352927.0,342789.0,174549.0,227781.0,222762.0,135063.0,83227.0,134369.0,104496.0,80693.0,55704.0,65887.0,114981.0,38544.0,37624.0,76760.0,59596.0,30014.0,5288.0,49023.0,76594.0,60790.0,7384.0,43160.0,56027.0,27858.0,21658.0,48505.0,96656.0,34302.0,26965.0,47609.0,78504.0,43485.0,10724.0,36097.0,38342.0,36987.0,33790.0,44556.0,64722.0,31540.0,24318.0,5349.0,60134.0,61339.0,54340.0,460887.0,50100.0,248533.0,183308.0,92346.0,72250.0,25253.0,101862.0,76876.0,60368.0,80235.0,22017.0,61472.0,59542.0,59843.0,39470.0,31231.0,57868.0,23672.0,27885.0,69078.0,76734.0,37310.0,25414.0,24045.0,49507.0,41492.0
1783620031.6674144,0.0,105055.0,109417.0,62037.0,9777.0,119728.0,23759.0,71086.0,48967.0,44156.0,96774.0,180567.0,79078.0,39489.0,78964.0,27685.0,61667.0,39612.0,51106.0,54998.0,62659.0,92144.0,35650.0,104269.0,79697.0,75221.0,59737.0,83304.0,80098.0,86812.0,85187.0,101942.0,165841.0,88466.0,85167.0,86991.0,117662.0,34007.0,151912.0,130554.0,91668.0,160089.0,52668.0,208114.0,185490.0,232813.0,225686.0,231117.0,209194.0,474538.0,627402.0,1532394.0,1765791.0,2652119.0,1903005.0,493591.0,484655.0,281082.0,214149.0,178152.0,163799.0,125474.0,126022.0,101728.0,128723.0,73380.0,97537.0,77989.0,30489.0,79313.0,26060.0,28270.0,41831.0,17345.0,74722.0,41849.0,27890.0,42220.0,48475.0,43791.0,48066.0,34834.0,29273.0,34034.0,45677.0,80073.0,58748.0,56358.0,39845.0,68933.0,24806.0,51961.0,46503.0,14501.0,77722.0,124214.0,269580.0,243365.0,128459.0,59688.0,218516.0,220403.0,154465.0,156996.0,189102.0,123363.0,79237.0,132432.0,56455.0,69879.0,42607.0,34269.0,79739.0,23427.0,55221.0,23817.0,18793.0,53010.0,47220.0,16521.0,13249.0,13894.0,21102.0,2599.0,28250.0,11847.0,41887.0,19503.0
1783620034.234274,0.0,46923.0,47602.0,49695.0,30816.0,10314.0,30985.0,35002.0,51674.0,45084.0,390983.0,43422.0,50701.0,16247.0,25195.0,42285.0,68174.0,47084.0,20999.0,32952.0,110099.0,55466.0,60528.0,94786.0,28673.0,60120.0,46072.0,28150.0,31720.0,58275.0,66869.0,91553.0,44169.0,105800.0,23912.0,105740.0,70090.0,77176.0,89217.0,24624.0,31131.0,82795.0,41531.0,61371.0,144537.0,133723.0,106331.0,126808.0,170059.0,251842.0,344164.0,367083.0,657817.0,4165146.0,1022575.0,499344.0,310265.0,251233.0,148467.0,174306.0,132436.0,148090.0,87376.0,63531.0,54388.0,108109.0,91922.0,49485.0,17994.0,59296.0,76636.0,60378.0,85842.0,7449.0,68330.0,31105.0,59735.0,33208.0,48809.0,53314.0,67108.0,9970.0,24092.0,40039.0,18836.0,73190.0,76930.0,61047.0,15476.0,43126.0,55910.0,59785.0,39138.0,50329.0,74820.0,118727.0,353036.0,230358.0,107624.0,54479.0,100022.0,43366.0,33358.0,38602.0,77511.0,80800.0,223907.0,131677.0,51330.0,39120.0,26718.0,26258.0,65983.0,6459.0,18895.0,28876.0,76748.0,5191.0,64341.0,74552.0,12503.0,14162.0,48217.0,49996.0,21724.0,47659.0,45728.0,17723.0
1783620036.7841778,0.0,26714.0,38682.0,20601.0,5162.0,33725.0,16979.0,25220.0,40280.0,109714.0,276074.0,169111.0,44933.0,52357.0,31824.0,58649.0,45011.0,30296.0,31703.0,36499.0,45648.0,26344.0,101950.0,39750.0,15762.0,49934.0,20183.0,30079.0,86674.0,31837.0,16897.0,59288.0,67297.0,48673.0,78134.0,12288.0,52890.0,28139.0,110288.0,102406.0,17104.0,35724.0,76991.0,97974.0,118393.0,172729.0,105915.0,106478.0,215517.0,194229.0,210066.0,335691.0,780251.0,4209583.0,970350.0,374284.0,256478.0,240893.0,154546.0,108617.0,128552.0,93023.0,96265.0,84916.0,127005.0,57225.0,71524.0,126051.0,68840.0,53036.0,46697.0,13062.0,28309.0,79432.0,35266.0,18879.0,75489.0,47055.0,65736.0,59921.0,40416.0,20282.0,25005.0,45287.0,118050.0,20725.0,740.0,102296.0,24192.0,36091.0,66867.0,19602.0,16251.0,54466.0,76165.0,108014.0,274486.0,312715.0,168161.0,112053.0,36971.0,10906.0,49698.0,53522.0,7134.0,74160.0,239235.0,131030.0,39324.0,51223.0,41607.0,29404.0,53134.0,12432.0,34162.0,103591.0,64016.0,63187.0,47147.0,22682.0,15562.0,50578.0,29576.0,25473.0,47639.0,17168.0,20273.0,19596.0
1783620039.3679886,0.0,58301.0,51455.0,85413.0,66995.0,44501.0,77742.0,82654.0,52878.0,77737.0,274989.0,85895.0,57678.0,51497.0,100043.0,42112.0,30643.0,76530.0,101355.0,17127.0,99622.0,72258.0,116760.0,14316.0,45795.0,92825.0,63956.0,40605.0,61152.0,148869.0,50289.0,82858.0,83130.0,207397.0,74663.0,125633.0,76623.0,102406.0,88167.0,142561.0,104157.0,81729.0,32383.0,163767.0,305479.0,116871.0,289891.0,174430.0,392846.0,172276.0,704766.0,288534.0,1888272.0,2554914.0,2746721.0,328563.0,814707.0,267913.0,426763.0,242140.0,262160.0,190817.0,159058.0,274451.0,199720.0,143519.0,124246.0,195899.0,63683.0,228863.0,72863.0,176723.0,41265.0,140624.0,63308.0,102026.0,42367.0,206075.0,82697.0,85054.0,38459.0,130001.0,133562.0,83590.0,99436.0,34196.0,94448.0,112755.0,129930.0,26609.0,45580.0,42780.0,144575.0,125934.0,94925.0,144715.0,166875.0,425514.0,61993.0,122284.0,51428.0,69389.0,92868.0,85524.0,31843.0,105291.0,129628.0,250663.0,43934.0,116832.0,62859.0,82276.0,49121.0,156521.0,60521.0,90002.0,43791.0,76714.0,54196.0,11644.0,52846.0,90275.0,53693.0,29312.0,106099.0,32208.0,83717.0,43105.0
1783620041.9180386,0.0,83345.0,31582.0,122535.0,94108.0,44320.0,90974.0,117124.0,43324.0,75076.0,257343.0,67276.0,74454.0,105163.0,75594.0,44348.0,56446.0,57540.0,44163.0,61801.0,41572.0,69779.0,54669.0,78618.0,19127.0,25070.0,76558.0,19887.0,65572.0,67831.0,21530.0,2442.0,38062.0,56532.0,69378.0,88930.0,40774.0,44318.0,54524.0,102128.0,31712.0,98014.0,138622.0,121112.0,121911.0,120027.0,130162.0,113945.0,180884.0,168036.0,152634.0,402161.0,628160.0,4320460.0,781643.0,462631.0,214249.0,242239.0,89560.0,134336.0,164708.0,110809.0,39224.0,151290.0,95101.0,24104.0,17502.0,104682.0,38167.0,140335.0,49140.0,52625.0,73081.0,29173.0,49371.0,46949.0,14494.0,72667.0,43031.0,75818.0,52846.0,135970.0,8951.0,94858.0,51324.0,114292.0,93726.0,13378.0,81743.0,34658.0,34747.0,82690.0,25198.0,123933.0,41948.0,127668.0,281728.0,373258.0,217806.0,109373.0,60891.0,103494.0,109732.0,89139.0,68653.0,83474.0,174301.0,99229.0,183801.0,51329.0,98702.0,64456.0,110177.0,38090.0,62876.0,61771.0,92352.0,65415.0,114585.0,21278.0,91919.0,62921.0,71401.0,29835.0,52697.0,78651.0,63436.0,41599.0
1783620044.4827886,0.0,42814.0,64316.0,56659.0,132600.0,73662.0,55526.0,45179.0,122885.0,144211.0,313707.0,119855.0,68386.0,99205.0,35701.0,68160.0,140968.0,60585.0,15810.0,70829.0,46416.0,160019.0,45910.0,59948.0,120926.0,74093.0,74718.0,76265.0,81511.0,57638.0,57862.0,48170.0,81607.0,144551.0,100268.0,137010.0,47198.0,95665.0,47462.0,61073.0,93348.0,177508.0,57785.0,136927.0,174977.0,70975.0,88771.0,184437.0,225624.0,116185.0,282109.0,299274.0,535380.0,4260627.0,731389.0,379704.0,336206.0,162188.0,156986.0,194663.0,194021.0,90452.0,161366.0,208808.0,68922.0,148986.0,126594.0,81867.0,73825.0,176746.0,132830.0,12092.0,65543.0,179435.0,43799.0,52506.0,53690.0,90713.0,59367.0,41792.0,116999.0,129148.0,111315.0,71054.0,135811.0,32033.0,100112.0,38642.0,70678.0,96230.0,172970.0,59192.0,69408.0,103820.0,96445.0,118955.0,330241.0,251302.0,157606.0,8273.0,87319.0,116421.0,128833.0,47623.0,75672.0,83846.0,144340.0,6660.0,54335.0,135608.0,129576.0,13028.0,39521.0,8111.0,92728.0,91097.0,118931.0,88889.0,88524.0,89434.0,16197.0,121836.0,116588.0,54814.0,25071.0,62232.0,113132.0,134316.0
1783620047.050785,0.0,44889.0,78859.0,34072.0,47918.0,94631.0,25336.0,60290.0,117548.0,301734.0,181022.0,74608.0,22116.0,37129.0,61451.0,69654.0,26996.0,89861.0,69263.0,22606.0,81299.0,29969.0,56027.0,74091.0,50694.0,52828.0,60912.0,62480.0,39942.0,71023.0,43308.0,57528.0,128843.0,61761.0,83877.0,69027.0,24450.0,172409.0,110108.0,54452.0,55325.0,160049.0,181746.0,109975.0,264624.0,186451.0,238240.0,263271.0,83935.0,209131.0,512923.0,852477.0,1208986.0,3786710.0,1275974.0,932964.0,537218.0,130053.0,104582.0,249776.0,266556.0,212313.0,95320.0,98465.0,144624.0,185445.0,59141.0,45700.0,86583.0,130107.0,78199.0,46583.0,27676.0,62194.0,81046.0,63002.0,30316.0,75304.0,27857.0,48069.0,91511.0,56356.0,77926.0,80120.0,57578.0,57707.0,43010.0,69021.0,28635.0,41404.0,59779.0,21275.0,70220.0,34254.0,107400.0,173813.0,150418.0,403916.0,152621.0,119261.0,103752.0,98182.0,78086.0,55630.0,18208.0,66438.0,162015.0,105388.0,121687.0,83627.0,62708.0,45888.0,59866.0,71566.0,31059.0,50731.0,63805.0,18097.0,83053.0,73832.0,32856.0,7158.0,20210.0,82667.0,50151.0,26409.0,18753.0,42444.0
1783620049.6234634,0.0,13795.0,40947.0,50816.0,79560.0,20856.0,12750.0,35549.0,21873.0,99208.0,260492.0,101631.0,96219.0,47694.0,72459.0,68005.0,54779.0,70318.0,55194.0,93130.0,127794.0,56120.0,49293.0,60930.0,45537.0,70433.0,46985.0,125058.0,26881.0,39929.0,72067.0,106130.0,151936.0,70382.0,60503.0,33933.0,99232.0,45946.0,110091.0,113668.0,108287.0,14438.0,72350.0,253367.0,177722.0,256985.0,138137.0,79901.0,290970.0,518376.0,679514.0,870832.0,537130.0,3388135.0,2035312.0,1221340.0,760109.0,447107.0,129456.0,123945.0,325808.0,331828.0,253774.0,145349.0,156513.0,157711.0,169729.0,173105.0,177970.0,33312.0,122333.0,149590.0,80843.0,136939.0,111645.0,41490.0,39858.0,90510.0,135447.0,76381.0,75606.0,68679.0,32989.0,112027.0,134400.0,41413.0,30628.0,58373.0,48256.0,104109.0,50433.0,60407.0,80732.0,94121.0,120169.0,106444.0,346507.0,401138.0,233428.0,110145.0,22490.0,78237.0,65018.0,69056.0,74936.0,65422.0,140706.0,257531.0,98307.0,120347.0,81253.0,15821.0,71897.0,76105.0,48746.0,122532.0,28604.0,63663.0,25752.0,63794.0,75990.0,31025.0,17217.0,71843.0,19081.0,115054.0,54650.0,57651.0
1783620052.1844726,0.0,44400.0,75748.0,56381.0,47376.0,12481.0,68450.0,45204.0,41151.0,112402.0,139555.0,192600.0,88706.0,22942.0,48041.0,87548.0,15348.0,90211.0,38540.0,88629.0,82678.0,121062.0,40290.0,39578.0,80179.0,42947.0,109803.0,37700.0,138646.0,95546.0,105909.0,128277.0,22523.0,114561.0,69843.0,54095.0,103510.0,146494.0,128815.0,106204.0,131543.0,51124.0,114914.0,154318.0,129382.0,166436.0,172486.0,269371.0,235368.0,368754.0,310515.0,476172.0,870676.0,3922977.0,1680157.0,742193.0,432476.0,384397.0,224275.0,199203.0,169530.0,117332.0,178695.0,74713.0,177511.0,162390.0,114799.0,101398.0,69176.0,100967.0,33369.0,158968.0,101352.0,141834.0,103766.0,125331.0,92516.0,42737.0,39214.0,72099.0,36791.0,67037.0,82399.0,118053.0,78976.0,139528.0,57925.0,96434.0,40565.0,12276.0,52237.0,27330.0,93939.0,78594.0,68876.0,122364.0,555867.0,99610.0,57908.0,41652.0,74011.0,75860.0,102586.0,85633.0,144845.0,114558.0,184149.0,150082.0,41409.0,67611.0,29775.0,88563.0,7046.0,140225.0,23654.0,86474.0,84140.0,117515.0,39093.0,27921.0,91753.0,32152.0,128964.0,57360.0,99802.0,40505.0,79076.0,32207.0
1783620054.7372642,0.0,31543.0,35454.0,39792.0,26600.0,35601.0,44603.0,89776.0,71798.0,191187.0,150179.0,86835.0,51238.0,23023.0,19323.0,20288.0,4692.0,11966.0,19331.0,62397.0,26929.0,53417.0,32523.0,35394.0,40414.0,35580.0,15129.0,13908.0,22988.0,28540.0,16284.0,33485.0,35875.0,33723.0,79142.0,58034.0,42504.0,73799.0,55311.0,30945.0,19592.0,35219.0,44031.0,176434.0,93943.0,67723.0,105837.0,81561.0,76191.0,134610.0,161000.0,287915.0,511382.0,4433259.0,668941.0,317358.0,164575.0,110291.0,84265.0,97851.0,102727.0,55715.0,26072.0,142910.0,74138.0,3699.0,43633.0,29587.0,10063.0,40139.0,70314.0,16610.0,29680.0,15338.0,16951.0,20614.0,22840.0,36548.0,26575.0,1997.0,37417.0,4135.0,12421.0,12001.0,24157.0,34116.0,52721.0,60581.0,17013.0,21528.0,23927.0,16348.0,24921.0,12667.0,27704.0,108137.0,208540.0,486482.0,151143.0,82523.0,73939.0,49614.0,23512.0,42214.0,64149.0,70333.0,230094.0,38148.0,23206.0,13753.0,18241.0,19928.0,20106.0,31236.0,26095.0,47624.0,89620.0,39141.0,34260.0,11761.0,5452.0,7794.0,6553.0,18469.0,11143.0,31622.0,24616.0,11753.0
1783620057.3013635,0.0,29281.0,17159.0,13022.0,32754.0,38465.0,61991.0,21228.0,260182.0,159329.0,71946.0,72468.0,75312.0,44367.0,84542.0,15315.0,105578.0,72431.0,51829.0,71215.0,75781.0,40041.0,121027.0,91198.0,63205.0,74699.0,46921.0,96389.0,84319.0,41154.0,77780.0,32874.0,42917.0,65179.0,17554.0,43388.0,73255.0,80892.0,23436.0,73357.0,7867.0,52114.0,21636.0,27537.0,76280.0,169978.0,120827.0,80190.0,202904.0,187130.0,229974.0,377843.0,853735.0,4252779.0,646998.0,319140.0,165654.0,125189.0,187654.0,78806.0,134928.0,239601.0,92515.0,72628.0,27202.0,100258.0,44846.0,80690.0,52223.0,84895.0,39148.0,16086.0,42148.0,45622.0,43247.0,90452.0,21931.0,31330.0,26673.0,60618.0,13180.0,59654.0,74208.0,46146.0,109220.0,56697.0,97856.0,76149.0,53248.0,104245.0,77675.0,79864.0,138775.0,40384.0,71413.0,92254.0,120126.0,414598.0,332758.0,94051.0,26683.0,79308.0,42040.0,85187.0,82936.0,61325.0,285731.0,68711.0,75399.0,52441.0,31687.0,29330.0,45141.0,32809.0,105424.0,101760.0,32158.0,64285.0,56033.0,97508.0,106003.0,32100.0,86152.0,44243.0,37891.0,55388.0,40876.0,25273.0
1783620059.8519244,0.0,13719.0,65631.0,45881.0,62558.0,41691.0,39859.0,100549.0,337166.0,23742.0,89119.0,88529.0,35669.0,73154.0,52184.0,53014.0,64654.0,24850.0,38548.0,56594.0,47794.0,20624.0,13337.0,48747.0,37011.0,51908.0,70799.0,39681.0,14253.0,51448.0,63234.0,58153.0,91275.0,64832.0,98224.0,94706.0,69236.0,74915.0,18800.0,44638.0,25609.0,57859.0,48677.0,80537.0,162396.0,276879.0,143042.0,206216.0,232586.0,265967.0,337672.0,571714.0,1275325.0,4073426.0,739672.0,461188.0,277514.0,170880.0,165762.0,177804.0,107931.0,136694.0,260145.0,188243.0,161170.0,109905.0,78765.0,80681.0,55651.0,23958.0,88535.0,32554.0,55762.0,46495.0,73801.0,66219.0,88011.0,91610.0,85818.0,45890.0,63121.0,49721.0,73426.0,69683.0,65776.0,94033.0,102347.0,57347.0,38735.0,70188.0,2339.0,27312.0,31807.0,8620.0,34495.0,75396.0,31145.0,189462.0,579631.0,180177.0,141063.0,111260.0,98380.0,73303.0,34734.0,95836.0,174194.0,89018.0,54641.0,54848.0,44385.0,21206.0,16531.0,30480.0,37108.0,106333.0,46804.0,55190.0,52846.0,84358.0,59370.0,62758.0,83613.0,69001.0,64949.0,20278.0,39559.0,7433.0
1783620062.420144,0.0,59107.0,38610.0,26505.0,52063.0,23986.0,46388.0,34736.0,328402.0,94609.0,27816.0,37751.0,21451.0,34957.0,52630.0,60283.0,18136.0,44437.0,45350.0,71419.0,54188.0,17638.0,32197.0,54531.0,55747.0,47604.0,19105.0,13911.0,37526.0,63568.0,9623.0,55760.0,62329.0,50774.0,14909.0,58085.0,134352.0,20282.0,50660.0,52578.0,64370.0,97338.0,47551.0,103214.0,58245.0,283722.0,110343.0,152835.0,161576.0,226257.0,312308.0,445806.0,1170483.0,4142676.0,778339.0,420727.0,309646.0,175988.0,132269.0,108991.0,90994.0,149827.0,105226.0,139617.0,101919.0,78772.0,54667.0,89880.0,28930.0,67975.0,132610.0,55400.0,33233.0,50821.0,22898.0,49370.0,33973.0,38893.0,19645.0,42498.0,54278.0,36600.0,25736.0,26369.0,23249.0,59827.0,10081.0,41909.0,23116.0,18254.0,31510.0,39954.0,32986.0,47221.0,94237.0,71858.0,99821.0,249847.0,423521.0,113492.0,93416.0,60889.0,56339.0,37354.0,85465.0,140593.0,169529.0,39829.0,13605.0,7605.0,40541.0,29322.0,32586.0,71225.0,58044.0,27625.0,29925.0,46672.0,16660.0,6713.0,17123.0,57867.0,5300.0,24235.0,17785.0,49309.0,18349.0,33263.0
1783620064.9834375,0.0,26739.0,15812.0,10643.0,18892.0,9602.0,29717.0,23235.0,244451.0,73229.0,59639.0,63874.0,37354.0,40609.0,29586.0,28640.0,34553.0,97055.0,97872.0,38677.0,23703.0,25070.0,41193.0,36708.0,17040.0,40210.0,17059.0,29879.0,46256.0,28337.0,18024.0,34099.0,48201.0,54545.0,77126.0,62597.0,43995.0,33717.0,53497.0,46328.0,62020.0,47166.0,74092.0,83673.0,203317.0,97519.0,63425.0,81722.0,101317.0,134034.0,199803.0,272589.0,660400.0,4387598.0,554437.0,240666.0,210607.0,150381.0,111329.0,99276.0,85498.0,112879.0,206128.0,52966.0,44409.0,48970.0,59513.0,40597.0,35069.0,61739.0,127213.0,9866.0,33206.0,26024.0,35116.0,39725.0,20004.0,20556.0,24698.0,41404.0,33735.0,42598.0,27097.0,19620.0,29729.0,31557.0,27505.0,62945.0,71198.0,48299.0,69442.0,49577.0,45841.0,49748.0,60871.0,93189.0,156739.0,482536.0,289784.0,71198.0,57398.0,40370.0,31839.0,29496.0,11532.0,97712.0,188428.0,80481.0,23878.0,10427.0,29189.0,24012.0,25570.0,18105.0,115361.0,107437.0,62692.0,24075.0,10086.0,6161.0,11050.0,39264.0,18058.0,28592.0,41913.0,5905.0,7144.0,13094.0
1783620067.5360727,0.0,73615.0,77816.0,92506.0,43782.0,43492.0,105624.0,171133.0,218846.0,93006.0,80011.0,154384.0,101453.0,100121.0,90745.0,121284.0,104358.0,95265.0,60610.0,97076.0,75757.0,128147.0,154867.0,73584.0,84102.0,120125.0,81949.0,64271.0,106128.0,144397.0,134131.0,73202.0,132148.0,125615.0,71228.0,178988.0,184229.0,154536.0,120572.0,135239.0,146909.0,149598.0,93947.0,214119.0,273510.0,209290.0,223246.0,407369.0,292028.0,393093.0,586645.0,1004282.0,3104264.0,2545533.0,985701.0,575661.0,453338.0,337311.0,132889.0,306010.0,84325.0,142648.0,97172.0,150896.0,134494.0,44597.0,70257.0,114139.0,75485.0,64134.0,17488.0,81217.0,56987.0,45173.0,35877.0,62051.0,28441.0,62767.0,103570.0,57928.0,25176.0,42970.0,23325.0,103944.0,17202.0,61080.0,61870.0,39019.0,54734.0,74303.0,76403.0,97037.0,6836.0,43982.0,88075.0,70205.0,77096.0,141230.0,194280.0,449646.0,162072.0,59333.0,30448.0,57858.0,60151.0,168768.0,124952.0,95321.0,87266.0,77521.0,91867.0,83740.0,38907.0,36520.0,48954.0,72693.0,29975.0,75821.0,4534.0,44350.0,47237.0,44512.0,39456.0,12733.0,22544.0,47882.0,70517.0,65381.0
1783620070.1012678,0.0,66081.0,92108.0,15029.0,136029.0,163087.0,56065.0,176370.0,135606.0,83363.0,28656.0,111002.0,59001.0,77542.0,100239.0,139739.0,122538.0,162193.0,75047.0,49291.0,27989.0,125408.0,94585.0,139302.0,161484.0,131799.0,94620.0,41806.0,75645.0,130828.0,161991.0,148675.0,176569.0,123719.0,157873.0,144255.0,60641.0,142669.0,162170.0,132317.0,197563.0,196522.0,182237.0,163052.0,137527.0,112530.0,299804.0,239628.0,359448.0,428912.0,557287.0,995464.0,2877418.0,2578287.0,1186704.0,559373.0,400818.0,357991.0,273846.0,291681.0,178726.0,264549.0,135279.0,57598.0,119305.0,150827.0,79082.0,144495.0,104691.0,115398.0,178594.0,75902.0,29972.0,102397.0,62366.0,91178.0,76958.0,39664.0,101381.0,61698.0,17175.0,57275.0,70983.0,25605.0,79447.0,50124.0,49687.0,95158.0,122018.0,48710.0,81960.0,48034.0,30144.0,67553.0,58584.0,116689.0,77646.0,267430.0,324334.0,208478.0,173169.0,70920.0,60770.0,86169.0,32508.0,239613.0,65262.0,136008.0,31196.0,87634.0,46848.0,63583.0,23328.0,114496.0,81598.0,43931.0,148604.0,91808.0,33850.0,48226.0,66216.0,62749.0,114279.0,110174.0,73142.0,73440.0,7193.0,33014.0
1783620072.6681273,0.0,124049.0,77507.0,85182.0,65607.0,100673.0,77590.0,141993.0,89245.0,36412.0,255102.0,101632.0,15360.0,75027.0,119336.0,120363.0,111404.0,44956.0,73175.0,77477.0,85592.0,90433.0,51777.0,75041.0,64944.0,59733.0,94383.0,70578.0,75203.0,117060.0,134093.0,83216.0,54919.0,31592.0,177239.0,173453.0,195628.0,99028.0,31176.0,132820.0,169375.0,170496.0,208435.0,44121.0,306772.0,293763.0,283897.0,171159.0,124116.0,468002.0,680972.0,1055644.0,1066003.0,3579094.0,1849866.0,1122290.0,682677.0,230120.0,36039.0,236885.0,315346.0,246868.0,156129.0,69845.0,193318.0,200198.0,134322.0,84236.0,59887.0,117423.0,123277.0,43796.0,44666.0,64122.0,74014.0,85630.0,57699.0,16643.0,22980.0,22475.0,47786.0,113994.0,77108.0,56423.0,10956.0,29214.0,70806.0,78177.0,129383.0,40870.0,36625.0,95549.0,43310.0,88035.0,86782.0,95547.0,273477.0,464820.0,239518.0,67359.0,112495.0,51810.0,93708.0,55227.0,141881.0,53213.0,85949.0,79407.0,98276.0,93544.0,45708.0,36530.0,63946.0,49642.0,107007.0,73389.0,57940.0,81045.0,60991.0,71410.0,5189.0,14670.0,29543.0,24210.0,39687.0,89395.0,30183.0,23239.0
1783620075.2330217,0.0,47854.0,36952.0,57509.0,12721.0,54805.0,19277.0,35655.0,216925.0,223890.0,110229.0,118715.0,17198.0,93088.0,46951.0,17949.0,68304.0,147570.0,22480.0,14011.0,26457.0,33373.0,16873.0,34204.0,40712.0,30377.0,49346.0,68783.0,89834.0,57119.0,64245.0,64728.0,33476.0,27448.0,17029.0,198128.0,137502.0,48950.0,66843.0,30226.0,78281.0,80423.0,33365.0,118946.0,197911.0,73923.0,43348.0,37075.0,84125.0,82721.0,171815.0,176930.0,536943.0,4484680.0,553330.0,168145.0,171327.0,133526.0,47056.0,68360.0,33842.0,42252.0,126853.0,22259.0,84923.0,7210.0,98394.0,49467.0,53776.0,76635.0,42726.0,157441.0,37834.0,36771.0,50040.0,54760.0,50217.0,6577.0,57471.0,97601.0,42617.0,17948.0,47391.0,29090.0,71694.0,27463.0,39789.0,35615.0,76646.0,62637.0,65702.0,53254.0,25913.0,112632.0,58460.0,120412.0,189114.0,539416.0,225442.0,74481.0,61879.0,41371.0,29237.0,24073.0,24588.0,73514.0,288721.0,25691.0,64755.0,48753.0,23825.0,51180.0,11898.0,40900.0,67817.0,101829.0,35674.0,41564.0,11100.0,45036.0,26931.0,42374.0,76080.0,101798.0,74755.0,65057.0,38824.0,39431.0
1783620077.8025753,0.0,39473.0,24623.0,59654.0,95580.0,137066.0,164828.0,182003.0,198999.0,60609.0,82412.0,72859.0,112341.0,61587.0,42970.0,47587.0,11644.0,46995.0,18212.0,36444.0,108797.0,86730.0,47762.0,40982.0,87677.0,93127.0,68035.0,12071.0,89628.0,82259.0,29050.0,34762.0,82634.0,116530.0,91653.0,68697.0,78641.0,190585.0,60554.0,27609.0,96497.0,140387.0,88182.0,25831.0,171801.0,198121.0,216141.0,58040.0,327668.0,530857.0,471423.0,163969.0,873682.0,4270362.0,566125.0,88675.0,227850.0,396993.0,303032.0,129948.0,97395.0,102519.0,203835.0,101096.0,9115.0,91674.0,97808.0,54793.0,2308.0,89113.0,99834.0,30541.0,40914.0,82991.0,53765.0,54963.0,11763.0,29949.0,78221.0,44861.0,74000.0,36371.0,75360.0,37432.0,26783.0,46983.0,77351.0,74396.0,36947.0,34183.0,20297.0,59213.0,89618.0,71028.0,28597.0,38723.0,62528.0,329366.0,339643.0,155405.0,211251.0,252860.0,162191.0,9590.0,75910.0,91078.0,72225.0,48764.0,40464.0,51927.0,38952.0,51398.0,25379.0,95627.0,28817.0,25226.0,58777.0,43195.0,48247.0,38358.0,27911.0,49500.0,16126.0,18259.0,31704.0,37962.0,73904.0,43970.0
1783620080.3695893,0.0,56039.0,79404.0,70119.0,49345.0,304807.0,64680.0,19532.0,58821.0,12562.0,78084.0,30792.0,15881.0,20221.0,16676.0,22016.0,37624.0,53189.0,30011.0,21688.0,44400.0,34427.0,32244.0,30379.0,60102.0,65826.0,46528.0,40269.0,43178.0,56328.0,73841.0,59338.0,47128.0,68284.0,102653.0,79976.0,37901.0,82751.0,71983.0,90228.0,70090.0,121320.0,125510.0,114638.0,124749.0,112181.0,172684.0,355224.0,215325.0,280610.0,426360.0,733247.0,4046859.0,1160441.0,562992.0,336558.0,256043.0,220863.0,164170.0,124475.0,126107.0,98580.0,91912.0,130550.0,83727.0,42276.0,47438.0,53918.0,53794.0,44283.0,116000.0,65944.0,54367.0,62305.0,61336.0,40073.0,49105.0,46030.0,48680.0,35505.0,31038.0,31379.0,44658.0,29203.0,13757.0,26970.0,34764.0,72156.0,31225.0,19616.0,58857.0,43430.0,71430.0,82684.0,39135.0,67694.0,98616.0,41300.0,141545.0,498249.0,211650.0,88567.0,62751.0,31960.0,119716.0,165825.0,71414.0,18788.0,3972.0,18511.0,120808.0,113595.0,31119.0,35847.0,54530.0,40655.0,29422.0,16173.0,29763.0,36437.0,17698.0,30196.0,50132.0,20918.0,28620.0,19678.0,10733.0,35227.0
1783620082.9350305,0.0,5159.0,47679.0,39724.0,80718.0,172482.0,135149.0,126981.0,60050.0,49629.0,77304.0,70058.0,125410.0,57620.0,49399.0,91476.0,12619.0,53239.0,86938.0,49669.0,25743.0,59462.0,17742.0,30416.0,42254.0,15215.0,10751.0,27008.0,16354.0,24958.0,24678.0,66494.0,67656.0,67986.0,157712.0,57593.0,42520.0,42994.0,47059.0,95724.0,97810.0,113641.0,125686.0,116630.0,112979.0,92343.0,93321.0,180999.0,135058.0,112992.0,241637.0,884418.0,4092590.0,1087817.0,459070.0,165935.0,301592.0,169424.0,191372.0,115963.0,152330.0,136585.0,108312.0,110879.0,72765.0,65764.0,95041.0,88725.0,107320.0,154239.0,171649.0,52525.0,96810.0,44977.0,32428.0,43371.0,41800.0,17193.0,4442.0,9648.0,30199.0,24549.0,60170.0,71627.0,68902.0,110762.0,105633.0,63172.0,86989.0,118039.0,75528.0,102045.0,62837.0,26777.0,44463.0,78906.0,71690.0,88507.0,248097.0,311332.0,305012.0,172337.0,67114.0,94252.0,107522.0,144492.0,49047.0,73109.0,154739.0,90978.0,40417.0,97899.0,81369.0,71326.0,87220.0,40366.0,47510.0,38923.0,56271.0,42114.0,26969.0,42049.0,35191.0,11385.0,28891.0,72101.0,22837.0,31838.0
1783620085.5036566,0.0,14229.0,113663.0,65755.0,85094.0,213557.0,119470.0,48118.0,47387.0,24695.0,131765.0,61931.0,69728.0,30773.0,69525.0,39935.0,82030.0,77658.0,96899.0,58947.0,74622.0,36529.0,84591.0,71703.0,78868.0,94591.0,83615.0,122004.0,91433.0,93281.0,106841.0,105403.0,94892.0,136676.0,125024.0,89338.0,53285.0,119757.0,118543.0,172999.0,105805.0,221708.0,63052.0,251089.0,107347.0,296114.0,104084.0,463041.0,97563.0,686611.0,267777.0,2033250.0,2538089.0,2554373.0,151832.0,681969.0,104969.0,410613.0,57973.0,237603.0,58778.0,202128.0,34825.0,176523.0,12292.0,147431.0,18692.0,103781.0,42317.0,128470.0,66474.0,33258.0,21741.0,61246.0,14822.0,45798.0,27795.0,40570.0,35007.0,54918.0,33777.0,61393.0,40136.0,53591.0,16588.0,44202.0,14040.0,28573.0,32650.0,59609.0,37984.0,71678.0,22995.0,68784.0,13923.0,81761.0,39447.0,76860.0,92930.0,116735.0,528935.0,137267.0,90825.0,77499.0,67545.0,131670.0,33783.0,105235.0,102283.0,101619.0,15396.0,64620.0,26556.0,34991.0,28362.0,10071.0,36767.0,61209.0,48462.0,31285.0,14347.0,14601.0,9786.0,17299.0,8408.0,13657.0,23139.0,36853.0
1783620088.05441,0.0,62954.0,189605.0,59030.0,6541.0,88315.0,52559.0,36000.0,49568.0,20392.0,41281.0,70842.0,36775.0,5529.0,39841.0,37906.0,72730.0,43447.0,44654.0,57154.0,19487.0,40410.0,53170.0,44791.0,37492.0,60974.0,50388.0,26749.0,57858.0,69389.0,73961.0,61439.0,103730.0,138638.0,6440.0,53138.0,120062.0,84118.0,81470.0,110442.0,125057.0,103258.0,85308.0,133055.0,148149.0,162004.0,164267.0,286649.0,257257.0,546255.0,464910.0,1706905.0,3609230.0,1097124.0,471117.0,486663.0,256427.0,191133.0,142371.0,132010.0,124255.0,102622.0,78853.0,85679.0,97850.0,54800.0,67804.0,75597.0,101388.0,90226.0,15375.0,68788.0,44340.0,27607.0,52651.0,57536.0,53339.0,6004.0,35690.0,42784.0,21682.0,37114.0,42914.0,40592.0,23695.0,47603.0,43407.0,4537.0,33629.0,50843.0,84640.0,9373.0,22727.0,59280.0,17776.0,43955.0,43786.0,56237.0,61328.0,55844.0,21873.0,494200.0,41075.0,186858.0,106524.0,34532.0,156936.0,21254.0,82406.0,48552.0,15162.0,24352.0,42611.0,26191.0,32345.0,42937.0,38245.0,9247.0,13996.0,73282.0,29066.0,29976.0,5173.0,29433.0,25326.0,19656.0,11732.0,21945.0
1783620090.62083,0.0,55426.0,35564.0,240892.0,27454.0,45509.0,78339.0,54549.0,33387.0,32450.0,30780.0,40667.0,18000.0,29192.0,12598.0,21335.0,70326.0,15187.0,43506.0,34716.0,41727.0,41145.0,47201.0,30742.0,32315.0,40484.0,45937.0,59499.0,5461.0,68278.0,21696.0,63887.0,39725.0,90100.0,44826.0,37166.0,58139.0,43905.0,63918.0,16124.0,71316.0,56777.0,103911.0,74189.0,68778.0,91915.0,172086.0,210186.0,135814.0,323947.0,439030.0,930944.0,4142498.0,659219.0,388036.0,233469.0,224164.0,180495.0,184455.0,152639.0,73165.0,118756.0,119265.0,118316.0,84133.0,94091.0,109735.0,68840.0,80258.0,75508.0,79447.0,57897.0,60411.0,58879.0,43613.0,72010.0,34247.0,43760.0,37001.0,77850.0,19050.0,15943.0,30916.0,68326.0,44142.0,42744.0,39823.0,23190.0,106106.0,60076.0,25761.0,27946.0,55054.0,41747.0,85149.0,46383.0,97278.0,21570.0,134000.0,110802.0,346926.0,392092.0,120931.0,87353.0,221244.0,45880.0,45311.0,89838.0,75175.0,33442.0,99209.0,31962.0,33773.0,29326.0,31225.0,10439.0,79176.0,24901.0,45469.0,6990.0,27497.0,41811.0,30998.0,51025.0,20279.0,43254.0,14249.0,60326.0
1783620093.1847034,0.0,68547.0,138078.0,123929.0,60285.0,102475.0,16296.0,46942.0,42435.0,25974.0,12538.0,28506.0,57012.0,56132.0,26139.0,69186.0,54846.0,31797.0,49194.0,46603.0,39282.0,23984.0,23082.0,21411.0,79430.0,74336.0,43829.0,32110.0,44716.0,41322.0,41852.0,56631.0,50594.0,104374.0,85906.0,54281.0,79514.0,58232.0,47426.0,64864.0,113111.0,118050.0,68905.0,100007.0,80065.0,149920.0,232643.0,227584.0,208606.0,243938.0,539271.0,1344494.0,3902554.0,869476.0,482609.0,375551.0,154322.0,123813.0,178479.0,221371.0,170726.0,111754.0,89087.0,57695.0,63946.0,106649.0,119918.0,70995.0,63239.0,59840.0,78155.0,74460.0,71255.0,33701.0,52779.0,66868.0,66695.0,47965.0,38801.0,40243.0,58194.0,71950.0,63758.0,33943.0,26597.0,19677.0,42580.0,60456.0,57973.0,60966.0,46392.0,33178.0,73021.0,47949.0,69138.0,62345.0,113301.0,91580.0,65845.0,98472.0,225959.0,422948.0,71815.0,52008.0,170780.0,65282.0,145053.0,31868.0,138443.0,53283.0,76257.0,79215.0,32822.0,12094.0,33595.0,64037.0,50637.0,14412.0,37663.0,46217.0,45276.0,34835.0,25534.0,23827.0,54314.0,49293.0,42908.0,27996.0
1783620095.7369957,0.0,10194.0,43887.0,134720.0,109182.0,96039.0,84390.0,43365.0,38414.0,91391.0,51550.0,36786.0,21588.0,45119.0,73742.0,15489.0,2663.0,21155.0,24402.0,9152.0,4062.0,13529.0,30844.0,17229.0,42301.0,39130.0,21380.0,18048.0,16777.0,24360.0,19038.0,56693.0,35637.0,88657.0,62002.0,56121.0,48036.0,59630.0,52893.0,29422.0,71885.0,53204.0,61069.0,23383.0,19853.0,34836.0,74235.0,129327.0,186942.0,194745.0,131081.0,668271.0,4355931.0,667024.0,194524.0,275994.0,134471.0,111268.0,114807.0,91064.0,95243.0,47618.0,26871.0,29542.0,73358.0,45681.0,23752.0,40885.0,36099.0,38543.0,13142.0,92470.0,39505.0,34787.0,31223.0,17032.0,10153.0,5327.0,28839.0,21391.0,48926.0,37082.0,39949.0,11541.0,19550.0,7698.0,11454.0,14993.0,52114.0,21211.0,38819.0,47024.0,33593.0,50333.0,61444.0,86811.0,140897.0,82856.0,132445.0,213351.0,371302.0,225490.0,67961.0,63404.0,194210.0,90693.0,48323.0,36851.0,79674.0,69787.0,21781.0,32143.0,27909.0,45389.0,13584.0,22738.0,26447.0,32755.0,37252.0,7013.0,7892.0,7441.0,8747.0,10148.0,27824.0,9513.0,14105.0,22148.0
1783620098.3035588,0.0,45983.0,32612.0,39797.0,140349.0,65574.0,220031.0,120789.0,84476.0,124440.0,67179.0,18090.0,121052.0,106791.0,104131.0,87848.0,202503.0,120880.0,16957.0,107706.0,128906.0,79330.0,6114.0,86646.0,66523.0,40967.0,89309.0,46500.0,29169.0,98744.0,108788.0,55561.0,128131.0,202186.0,97895.0,104644.0,158256.0,126975.0,25506.0,124167.0,199636.0,30792.0,93413.0,129626.0,122202.0,134147.0,337320.0,226262.0,257074.0,480366.0,570502.0,649026.0,3162534.0,2547235.0,1233644.0,671293.0,354081.0,358885.0,428426.0,247926.0,268171.0,245568.0,171082.0,120149.0,206304.0,234307.0,150541.0,117748.0,136373.0,112623.0,11873.0,163096.0,64628.0,25221.0,112932.0,68595.0,26908.0,102779.0,140424.0,62728.0,47817.0,149989.0,136334.0,61013.0,116800.0,144715.0,54028.0,3029.0,78093.0,66007.0,37453.0,63744.0,64331.0,100744.0,29438.0,56731.0,160893.0,128708.0,194639.0,569269.0,77764.0,203773.0,113345.0,35466.0,140926.0,91660.0,12976.0,58918.0,94491.0,55935.0,8340.0,54376.0,76695.0,64994.0,134835.0,108725.0,26085.0,123792.0,164562.0,123036.0,64087.0,144722.0,131515.0,39281.0,52779.0,97128.0,65662.0,47539.0
1783620100.8524618,0.0,32786.0,40031.0,71953.0,77196.0,52752.0,178818.0,145326.0,90008.0,88816.0,71259.0,44240.0,53274.0,28611.0,89272.0,60249.0,20242.0,88348.0,86537.0,22515.0,32841.0,80101.0,88180.0,46352.0,84556.0,58448.0,68098.0,32330.0,35536.0,119682.0,97548.0,4102.0,62922.0,85832.0,146527.0,53333.0,104008.0,158946.0,157386.0,102931.0,63998.0,172831.0,144437.0,79480.0,180314.0,211037.0,194512.0,180334.0,346704.0,457893.0,617522.0,882972.0,2990741.0,2887571.0,1075408.0,606754.0,430011.0,267690.0,292350.0,273368.0,255690.0,113712.0,172967.0,182411.0,117199.0,121625.0,111635.0,124308.0,105404.0,29040.0,81297.0,160345.0,78718.0,79951.0,121839.0,89220.0,50791.0,40313.0,76708.0,79550.0,109152.0,73167.0,77696.0,105270.0,46114.0,19939.0,80614.0,86318.0,47551.0,19462.0,106841.0,112140.0,48550.0,33425.0,15456.0,99237.0,78036.0,164775.0,349552.0,514867.0,130785.0,128102.0,119663.0,86279.0,47552.0,213956.0,110986.0,95393.0,34560.0,90352.0,88392.0,91828.0,55549.0,125732.0,125045.0,76138.0,12588.0,111971.0,75352.0,49429.0,22067.0,100629.0,73673.0,98820.0,50884.0,73134.0,96417.0,73206.0
1783620103.4342873,0.0,47918.0,47963.0,70676.0,88712.0,36054.0,114024.0,277694.0,145228.0,71631.0,49327.0,70508.0,113461.0,115499.0,66257.0,45909.0,79460.0,100091.0,90855.0,50752.0,48916.0,68623.0,97980.0,91935.0,89776.0,69406.0,118156.0,79514.0,76076.0,83356.0,43991.0,101713.0,131836.0,135626.0,82882.0,128893.0,125116.0,59369.0,115726.0,100695.0,67045.0,97597.0,166255.0,235391.0,322868.0,198392.0,339732.0,267257.0,317374.0,211062.0,118283.0,542671.0,2363171.0,3470256.0,1283709.0,794415.0,515108.0,383686.0,180504.0,13131.0,74116.0,68787.0,76285.0,126449.0,130842.0,142531.0,184247.0,80626.0,60755.0,29294.0,13792.0,84152.0,20967.0,20183.0,46517.0,94594.0,89808.0,69643.0,56819.0,57063.0,39537.0,37655.0,21911.0,16875.0,25911.0,56232.0,80706.0,75469.0,21594.0,30570.0,940.0,43099.0,107825.0,81161.0,39293.0,92887.0,91252.0,184164.0,438308.0,488563.0,242995.0,102535.0,65660.0,43047.0,97828.0,155925.0,62311.0,29909.0,40663.0,53087.0,75118.0,78898.0,33331.0,92384.0,38360.0,39626.0,35124.0,54593.0,52809.0,51107.0,80158.0,49917.0,6999.0,3254.0,50674.0,35575.0,47979.0,51054.0
1783620106.0045533,0.0,50781.0,18228.0,40541.0,87495.0,131328.0,190003.0,205866.0,40296.0,92444.0,27113.0,82482.0,93869.0,107922.0,148855.0,56398.0,74554.0,123274.0,74266.0,68842.0,85084.0,101607.0,97622.0,165727.0,71579.0,99215.0,107797.0,115041.0,161255.0,27064.0,133794.0,116384.0,123095.0,169951.0,66700.0,134573.0,36966.0,112621.0,70206.0,139001.0,111775.0,60888.0,153872.0,88602.0,227721.0,27558.0,312692.0,54183.0,451200.0,427105.0,479708.0,1421001.0,676307.0,4050010.0,434293.0,737583.0,381774.0,250695.0,348333.0,43005.0,235232.0,117811.0,130977.0,110248.0,90055.0,89772.0,109249.0,80175.0,34013.0,107896.0,37069.0,43474.0,66036.0,124027.0,84612.0,107967.0,91909.0,34804.0,140730.0,89904.0,123283.0,118031.0,45422.0,123622.0,89455.0,101711.0,76414.0,73714.0,71782.0,66976.0,39865.0,61419.0,122041.0,46596.0,92207.0,22276.0,97020.0,150688.0,244186.0,629829.0,147963.0,104852.0,104583.0,87094.0,124250.0,87394.0,48123.0,83683.0,42516.0,21751.0,49533.0,50041.0,100724.0,7050.0,45342.0,104885.0,45469.0,111283.0,73918.0,81770.0,121907.0,9235.0,79070.0,74070.0,66271.0,80997.0,63756.0,85067.0
1783620108.5710363,0.0,33358.0,69252.0,41276.0,169111.0,128588.0,285007.0,62689.0,133711.0,121663.0,87520.0,69265.0,65682.0,100916.0,34906.0,28406.0,38377.0,46774.0,79562.0,42936.0,29467.0,65130.0,77599.0,105175.0,95889.0,124765.0,132267.0,51329.0,18742.0,10644.0,56904.0,81818.0,37230.0,146030.0,113553.0,124754.0,229395.0,120695.0,115611.0,158823.0,43020.0,114615.0,113633.0,213839.0,258647.0,297736.0,350087.0,254688.0,301909.0,405228.0,317641.0,660369.0,3246841.0,2390782.0,1073618.0,799047.0,611963.0,483593.0,432386.0,283149.0,248133.0,125286.0,39170.0,163842.0,161079.0,225346.0,220862.0,132271.0,149705.0,93871.0,111948.0,158910.0,49773.0,73915.0,62445.0,60002.0,134086.0,119597.0,131074.0,140802.0,111014.0,40994.0,34653.0,53414.0,132374.0,91159.0,36259.0,41556.0,40469.0,129836.0,136954.0,99751.0,186381.0,71542.0,69064.0,48007.0,42718.0,125802.0,49786.0,603024.0,141498.0,174430.0,108130.0,38423.0,38243.0,182837.0,60368.0,142266.0,68339.0,67875.0,159002.0,87849.0,83620.0,19040.0,97844.0,167164.0,77000.0,106219.0,96245.0,51271.0,97256.0,57021.0,58411.0,79911.0,24036.0,59145.0,47765.0,93026.0
1783620111.1382809,0.0,28673.0,46788.0,107384.0,48164.0,308909.0,109733.0,103526.0,76511.0,124764.0,148875.0,31107.0,116983.0,85320.0,22013.0,36584.0,77276.0,30296.0,66450.0,78824.0,24298.0,53128.0,54939.0,44480.0,62960.0,66697.0,56566.0,63750.0,70362.0,33920.0,28952.0,84825.0,92285.0,118309.0,91975.0,98793.0,9641.0,91121.0,168085.0,24222.0,124910.0,203041.0,118926.0,158339.0,238812.0,210777.0,170920.0,395152.0,473040.0,135905.0,965614.0,1588475.0,3083751.0,2308028.0,1060640.0,131765.0,441185.0,496876.0,101475.0,245268.0,279650.0,88607.0,69552.0,196517.0,40959.0,76454.0,139467.0,49897.0,65848.0,92865.0,127129.0,36088.0,61810.0,34214.0,26621.0,69182.0,52181.0,58325.0,14465.0,104335.0,54136.0,90755.0,115968.0,44132.0,62800.0,82715.0,81013.0,58634.0,96824.0,87317.0,65258.0,183708.0,106611.0,63639.0,102633.0,107855.0,11648.0,131660.0,186736.0,232631.0,554766.0,151838.0,84037.0,68531.0,150157.0,98341.0,90374.0,34896.0,66228.0,25897.0,129063.0,90599.0,53954.0,33130.0,26839.0,27682.0,50182.0,49639.0,36117.0,16386.0,50172.0,5650.0,15983.0,31818.0,34288.0,50801.0,25031.0,41406.0
1783620113.705167,0.0,26843.0,96176.0,84496.0,31492.0,144293.0,122502.0,44541.0,146740.0,88207.0,140725.0,61680.0,54126.0,62491.0,18953.0,130112.0,93025.0,184560.0,173577.0,31433.0,106658.0,98878.0,81117.0,80477.0,106094.0,109862.0,48788.0,122198.0,112127.0,188528.0,163088.0,150965.0,108757.0,122921.0,54978.0,83038.0,101988.0,181015.0,126512.0,95010.0,276398.0,148424.0,249227.0,172196.0,239846.0,217274.0,235001.0,454709.0,308693.0,586853.0,498418.0,1966013.0,2270682.0,3047052.0,262934.0,708052.0,243103.0,398355.0,376364.0,232608.0,280770.0,63134.0,267756.0,17629.0,251352.0,68125.0,185684.0,16065.0,170828.0,113910.0,97364.0,249365.0,135444.0,51203.0,45502.0,41791.0,29482.0,60259.0,33124.0,79838.0,113008.0,121810.0,67617.0,57444.0,164059.0,30843.0,89134.0,155915.0,28524.0,105303.0,43347.0,34159.0,100505.0,25189.0,55160.0,64872.0,102316.0,148093.0,274795.0,94993.0,478091.0,87229.0,95651.0,23215.0,183285.0,173953.0,86243.0,46999.0,51964.0,75999.0,12166.0,88426.0,16968.0,49856.0,25122.0,65731.0,67168.0,41047.0,97390.0,38022.0,39823.0,112233.0,118651.0,21144.0,30740.0,53656.0,4732.0,65454.0
1783620116.2694983,0.0,25332.0,56299.0,105597.0,268620.0,92823.0,11519.0,76983.0,73734.0,34606.0,55849.0,25811.0,33188.0,23993.0,18825.0,42632.0,13057.0,15968.0,21261.0,11280.0,15062.0,36326.0,36075.0,37470.0,18089.0,7064.0,27829.0,27231.0,36964.0,32953.0,14862.0,6925.0,35143.0,73973.0,39541.0,39934.0,8312.0,28909.0,43359.0,41301.0,3264.0,62617.0,56549.0,31266.0,90649.0,62368.0,16167.0,100457.0,194449.0,86966.0,15296.0,290932.0,4560564.0,301945.0,9796.0,81038.0,141894.0,54790.0,44281.0,51612.0,46290.0,62599.0,47381.0,47685.0,16240.0,22212.0,31873.0,42783.0,17900.0,9138.0,34263.0,58183.0,42950.0,9731.0,33063.0,10471.0,7009.0,11684.0,40707.0,2932.0,17663.0,23326.0,22904.0,34586.0,34051.0,26504.0,5463.0,27648.0,17234.0,28248.0,32811.0,37632.0,56019.0,51431.0,52624.0,38871.0,41852.0,36336.0,32414.0,129462.0,639395.0,124484.0,43248.0,38650.0,189709.0,63135.0,11286.0,48745.0,82755.0,14304.0,89051.0,27487.0,35146.0,21273.0,57392.0,16197.0,3988.0,52282.0,38501.0,34028.0,25285.0,6077.0,25564.0,40374.0,49173.0,8980.0,29240.0,40226.0
1783620118.8361015,0.0,145873.0,102193.0,13700.0,125096.0,265891.0,104409.0,68048.0,30872.0,35954.0,58012.0,59986.0,82984.0,25218.0,74310.0,64976.0,42512.0,73988.0,122066.0,128389.0,41048.0,39783.0,53655.0,67826.0,95387.0,46066.0,30835.0,117534.0,108904.0,101152.0,14178.0,43762.0,87273.0,59208.0,91061.0,48293.0,73502.0,66330.0,38591.0,18514.0,12881.0,44065.0,22601.0,70606.0,107594.0,166791.0,134903.0,120804.0,26487.0,207195.0,400509.0,628964.0,4306692.0,961043.0,391765.0,156759.0,229221.0,172145.0,199716.0,224864.0,73390.0,144960.0,125857.0,130361.0,62650.0,109153.0,187612.0,153033.0,114846.0,15593.0,102513.0,242672.0,66368.0,65461.0,38493.0,99357.0,129201.0,139648.0,69282.0,59670.0,119085.0,185675.0,98457.0,11140.0,1161.0,113692.0,183663.0,141989.0,82381.0,56121.0,97242.0,117879.0,106513.0,144093.0,68259.0,123079.0,126489.0,46675.0,158225.0,533721.0,341308.0,138568.0,115103.0,138162.0,31364.0,253605.0,150617.0,39473.0,96519.0,132869.0,111212.0,112871.0,63165.0,66255.0,19942.0,50993.0,51537.0,69826.0,117892.0,63715.0,44398.0,19368.0,84241.0,161905.0,94447.0,29001.0,50893.0,98650.0
1783620121.403771,0.0,22552.0,96175.0,42030.0,90220.0,70763.0,91969.0,293522.0,30183.0,28346.0,78749.0,42331.0,102384.0,59249.0,48451.0,56791.0,23489.0,79140.0,12885.0,72338.0,55938.0,72490.0,66951.0,53503.0,25818.0,23496.0,23980.0,29043.0,36162.0,40265.0,55832.0,117901.0,51611.0,82446.0,32510.0,65541.0,79386.0,106178.0,41251.0,57611.0,87613.0,77934.0,163405.0,30922.0,173755.0,176992.0,465091.0,297213.0,327504.0,489605.0,411574.0,1233846.0,366537.0,4244858.0,113366.0,708902.0,255361.0,368368.0,250320.0,276380.0,345749.0,174999.0,195873.0,110415.0,157481.0,46569.0,130141.0,104961.0,95685.0,147045.0,56796.0,136293.0,70734.0,86392.0,99564.0,73601.0,76900.0,94710.0,103411.0,71561.0,91226.0,21528.0,50600.0,79634.0,71166.0,56625.0,73299.0,110006.0,80940.0,94978.0,22451.0,136400.0,43192.0,102152.0,35677.0,113885.0,51966.0,299897.0,147611.0,571020.0,65805.0,174394.0,96291.0,114616.0,125090.0,61374.0,150694.0,44901.0,81512.0,73831.0,11181.0,87820.0,15238.0,50858.0,32923.0,64277.0,11254.0,38417.0,54872.0,77833.0,81384.0,37810.0,82566.0,41855.0,49111.0,48111.0,20323.0,35262.0
1783620123.9595556,0.0,88107.0,37438.0,29175.0,109669.0,299784.0,127891.0,98061.0,56879.0,43991.0,21358.0,18219.0,12571.0,84895.0,60997.0,120452.0,29874.0,39714.0,52254.0,27233.0,70165.0,30410.0,14468.0,59568.0,9369.0,37582.0,66480.0,89082.0,53506.0,35266.0,83499.0,35627.0,84368.0,37195.0,21779.0,41735.0,7458.0,44171.0,88886.0,79005.0,58219.0,39711.0,104768.0,81477.0,72803.0,152983.0,149401.0,154121.0,271807.0,197786.0,334410.0,779641.0,4334593.0,1069638.0,429774.0,259659.0,287138.0,132739.0,252135.0,232748.0,62342.0,140260.0,90224.0,87369.0,87518.0,86396.0,134974.0,70656.0,59255.0,64070.0,34540.0,65272.0,103887.0,51844.0,77655.0,34850.0,87893.0,59018.0,79410.0,34298.0,34739.0,56387.0,18339.0,20347.0,83526.0,17282.0,98070.0,29960.0,58725.0,79380.0,52466.0,67208.0,51366.0,18579.0,126364.0,27429.0,97261.0,140688.0,215893.0,486278.0,437771.0,169833.0,52216.0,57982.0,136569.0,54143.0,35611.0,15577.0,93333.0,69579.0,28288.0,72775.0,64571.0,63472.0,16834.0,19218.0,64400.0,16483.0,18192.0,105605.0,46297.0,84963.0,27724.0,66712.0,35490.0,85089.0,13919.0,33311.0
1783620126.5218983,0.0,154730.0,90193.0,96746.0,154101.0,270880.0,100034.0,13576.0,72492.0,20454.0,99564.0,28332.0,126345.0,147294.0,59941.0,81630.0,105673.0,145369.0,152975.0,49820.0,53755.0,43111.0,98591.0,103472.0,68105.0,71208.0,23951.0,41944.0,89873.0,103205.0,103873.0,64845.0,145093.0,26067.0,117971.0,194316.0,53194.0,82592.0,66356.0,85270.0,157143.0,56784.0,97349.0,54467.0,42042.0,38602.0,119662.0,211169.0,90275.0,56586.0,156430.0,325469.0,4407882.0,493263.0,57473.0,59360.0,112365.0,149497.0,229114.0,48566.0,51518.0,63587.0,101883.0,55796.0,173799.0,165221.0,91445.0,76770.0,88995.0,111373.0,149581.0,71629.0,113846.0,68402.0,78303.0,128190.0,48108.0,107746.0,7847.0,28003.0,78659.0,82738.0,151325.0,57050.0,94976.0,29316.0,118905.0,192005.0,68376.0,68294.0,89625.0,73148.0,122113.0,4052.0,91350.0,66963.0,24754.0,88687.0,76084.0,392721.0,458158.0,176312.0,149058.0,88028.0,114653.0,250169.0,74702.0,71450.0,113632.0,136722.0,71686.0,56062.0,159168.0,36959.0,77384.0,91389.0,103332.0,204557.0,72598.0,31292.0,122746.0,55100.0,142043.0,69390.0,64917.0,49170.0,21053.0,110940.0
1783620129.0708747,0.0,147329.0,78151.0,111118.0,216689.0,172722.0,18893.0,83453.0,70648.0,31884.0,74230.0,107314.0,71714.0,83173.0,90644.0,25585.0,83938.0,8327.0,46285.0,60868.0,49331.0,31327.0,42287.0,52532.0,38724.0,104193.0,77895.0,59036.0,104343.0,29424.0,67951.0,50319.0,60595.0,19200.0,70546.0,94659.0,33201.0,78489.0,59771.0,23310.0,98613.0,114781.0,68742.0,52414.0,100965.0,68771.0,26482.0,59234.0,248667.0,113843.0,203084.0,276348.0,4474660.0,323335.0,185017.0,37455.0,143579.0,73828.0,90546.0,131980.0,72337.0,13609.0,54513.0,66171.0,122825.0,62557.0,82863.0,70000.0,27807.0,56839.0,52955.0,879.0,17737.0,176456.0,76014.0,24135.0,78997.0,52520.0,123743.0,161446.0,24142.0,74156.0,39349.0,35287.0,63147.0,74955.0,66511.0,25229.0,116598.0,61363.0,106980.0,92614.0,70854.0,122905.0,78596.0,101127.0,37307.0,69944.0,62047.0,165325.0,512130.0,108238.0,86004.0,122844.0,248719.0,109449.0,39064.0,16577.0,60371.0,66135.0,88277.0,92960.0,97361.0,16875.0,52311.0,118990.0,58394.0,66139.0,48102.0,61083.0,96024.0,54310.0,19210.0,28306.0,105843.0,16872.0,60970.0,118725.0
1783620131.6538405,0.0,63813.0,68567.0,71002.0,233119.0,233661.0,53783.0,60292.0,86814.0,136058.0,54425.0,34984.0,25030.0,86147.0,110740.0,44020.0,43126.0,124898.0,37818.0,24473.0,104981.0,42120.0,55343.0,84886.0,48641.0,95176.0,68394.0,83398.0,65711.0,100641.0,112853.0,51846.0,155839.0,87495.0,61554.0,178338.0,104819.0,39237.0,145865.0,157460.0,57190.0,238665.0,164202.0,87259.0,257501.0,212582.0,102079.0,427947.0,504734.0,97333.0,903140.0,1681181.0,3385974.0,2013805.0,850395.0,114064.0,418355.0,496918.0,43536.0,200435.0,182521.0,30443.0,162662.0,177718.0,46259.0,81384.0,153249.0,43763.0,65703.0,85116.0,20733.0,48134.0,77950.0,70762.0,59687.0,54335.0,17879.0,59597.0,72926.0,36293.0,14239.0,31782.0,43046.0,42103.0,32062.0,41933.0,50156.0,40590.0,32224.0,39790.0,37129.0,30346.0,4284.0,46156.0,41079.0,21444.0,66340.0,42263.0,172825.0,333607.0,536212.0,181047.0,184240.0,125172.0,103229.0,64362.0,73879.0,24205.0,65905.0,36411.0,52320.0,24101.0,43542.0,38230.0,52890.0,24052.0,31180.0,41592.0,10313.0,31636.0,47388.0,91104.0,23369.0,26976.0,47318.0,10189.0,35240.0,25213.0
1783620134.206069,0.0,32341.0,35032.0,34300.0,340008.0,23107.0,98284.0,62132.0,119125.0,48685.0,31061.0,31676.0,45002.0,113736.0,52400.0,38734.0,50612.0,12083.0,36500.0,61258.0,81339.0,36167.0,48796.0,29807.0,50619.0,15413.0,87700.0,49650.0,43401.0,30490.0,50280.0,69004.0,87248.0,69906.0,51573.0,40850.0,39647.0,63845.0,36888.0,68785.0,49807.0,14216.0,68052.0,43093.0,102628.0,47009.0,86159.0,27114.0,248924.0,51463.0,84888.0,49082.0,4574589.0,115491.0,45310.0,65371.0,196596.0,44936.0,158500.0,106710.0,81204.0,39822.0,70166.0,32427.0,54069.0,79547.0,74514.0,42860.0,43878.0,36300.0,34036.0,75012.0,82229.0,142874.0,41928.0,33994.0,57354.0,47400.0,55734.0,88507.0,28195.0,28090.0,24391.0,38260.0,44806.0,70860.0,74589.0,35207.0,50067.0,47137.0,38956.0,70822.0,55959.0,69982.0,46854.0,45842.0,60733.0,69564.0,60685.0,124234.0,689659.0,9667.0,88387.0,28940.0,188054.0,129722.0,40894.0,8736.0,72121.0,1858.0,43489.0,108987.0,22728.0,56667.0,14300.0,43082.0,45027.0,33838.0,102465.0,42522.0,34207.0,22311.0,38002.0,68268.0,62101.0,76025.0,41079.0,30820.0
1783620136.7859087,0.0,70849.0,76803.0,132156.0,195906.0,81213.0,48174.0,67022.0,102694.0,51836.0,84577.0,104145.0,90096.0,102554.0,115099.0,95666.0,60004.0,35578.0,119568.0,102988.0,64597.0,88909.0,98566.0,128270.0,55302.0,27407.0,142122.0,101918.0,63985.0,94963.0,48103.0,201142.0,80785.0,14652.0,99272.0,91098.0,112896.0,129746.0,29871.0,98158.0,86168.0,155694.0,120311.0,184046.0,157866.0,135670.0,195967.0,70677.0,496717.0,406517.0,590894.0,1601508.0,3503474.0,1819114.0,747139.0,360045.0,516004.0,93006.0,281189.0,227597.0,128639.0,276933.0,112098.0,182728.0,115396.0,36303.0,148399.0,148863.0,123753.0,132165.0,85331.0,55941.0,124865.0,208164.0,91664.0,123284.0,57901.0,31759.0,162566.0,66849.0,164132.0,83658.0,55293.0,143124.0,28052.0,109781.0,186345.0,51828.0,77582.0,83490.0,112465.0,179580.0,60694.0,64670.0,32218.0,111926.0,156094.0,183262.0,142853.0,451978.0,408773.0,235377.0,89305.0,154339.0,1291.0,123404.0,112988.0,31399.0,80539.0,127746.0,21981.0,9863.0,100721.0,18557.0,41559.0,53436.0,82160.0,91250.0,36148.0,14888.0,143980.0,83547.0,26039.0,82538.0,57143.0,121908.0,74139.0,74589.0
1783620139.3389237,0.0,58695.0,73359.0,97230.0,188192.0,77855.0,126762.0,59894.0,35307.0,61157.0,42480.0,76627.0,43476.0,69551.0,31581.0,58675.0,24127.0,51539.0,55747.0,74231.0,20651.0,54977.0,44359.0,64594.0,74971.0,55602.0,18933.0,86406.0,56603.0,32956.0,66035.0,78230.0,75738.0,71336.0,1900.0,44959.0,39578.0,34981.0,62730.0,64333.0,42249.0,78488.0,68032.0,13338.0,67818.0,26410.0,48473.0,130883.0,184702.0,28702.0,108831.0,331136.0,4543098.0,398125.0,159755.0,59828.0,91929.0,176949.0,65856.0,62742.0,89989.0,38121.0,36875.0,72866.0,5658.0,72808.0,62554.0,24624.0,42863.0,71426.0,29029.0,46560.0,91302.0,111166.0,75672.0,44758.0,32295.0,43114.0,31668.0,58567.0,71659.0,36176.0,44024.0,50829.0,57388.0,58232.0,45259.0,55453.0,45006.0,33118.0,28264.0,50525.0,39743.0,50639.0,88992.0,74099.0,48558.0,95407.0,144606.0,206891.0,613685.0,149650.0,94770.0,40659.0,172918.0,79837.0,43932.0,54926.0,119292.0,39238.0,65809.0,51570.0,45395.0,51339.0,35992.0,36772.0,78919.0,67209.0,33212.0,46599.0,65189.0,94907.0,62229.0,33458.0,37805.0,62774.0,67292.0,28666.0
1783620144.4206498,0.0,19794.0,161780.0,84748.0,112971.0,228073.0,81732.0,31155.0,40884.0,55070.0,163913.0,36108.0,152369.0,41022.0,109980.0,76349.0,51289.0,40754.0,91192.0,51752.0,147938.0,66140.0,115623.0,65903.0,44304.0,31613.0,122037.0,89533.0,95686.0,62528.0,107004.0,23343.0,87829.0,64244.0,84890.0,78377.0,166001.0,194812.0,224166.0,185009.0,82751.0,79997.0,170818.0,255912.0,212669.0,279259.0,134484.0,391476.0,405510.0,627126.0,795567.0,772049.0,3620148.0,1922796.0,1068604.0,617005.0,429286.0,170166.0,164403.0,193154.0,351778.0,145074.0,144938.0,95871.0,186175.0,154306.0,265260.0,125904.0,124944.0,92681.0,78487.0,81973.0,127632.0,101224.0,116981.0,12956.0,131440.0,33531.0,124456.0,111087.0,72300.0,93154.0,178938.0,91188.0,141635.0,79520.0,34258.0,56207.0,129903.0,71383.0,94178.0,29592.0,35201.0,25917.0,87255.0,62360.0,18887.0,79538.0,121527.0,565052.0,314745.0,127770.0,43993.0,41968.0,71782.0,118032.0,117757.0,103239.0,46316.0,129502.0,97917.0,35099.0,47737.0,69305.0,73757.0,128315.0,21873.0,108146.0,42998.0,71966.0,95944.0,66918.0,37739.0,126275.0,12253.0,81678.0,50207.0,50640.0
1783620144.4731772,0.0,20810.0,108322.0,136098.0,225826.0,126500.0,36309.0,65984.0,62114.0,90168.0,24300.0,64111.0,69843.0,58582.0,46195.0,56312.0,55694.0,30098.0,70516.0,88308.0,52032.0,21343.0,62731.0,96045.0,87478.0,32187.0,80596.0,96487.0,64693.0,45920.0,82021.0,20588.0,47153.0,19843.0,104189.0,154090.0,39519.0,84943.0,151408.0,136795.0,111723.0,116557.0,201625.0,163614.0,104906.0,148625.0,346892.0,280573.0,249142.0,366831.0,934104.0,1405098.0,3769273.0,1548447.0,1009776.0,395683.0,201532.0,226822.0,206188.0,132732.0,95009.0,261177.0,173955.0,103197.0,27636.0,135686.0,123899.0,43298.0,25823.0,94114.0,69313.0,50348.0,59399.0,49869.0,88544.0,49182.0,90656.0,76689.0,68966.0,52787.0,44059.0,74667.0,35254.0,15926.0,3218.0,37865.0,30734.0,50009.0,71658.0,65932.0,60830.0,17807.0,44717.0,88940.0,71569.0,50934.0,86942.0,154039.0,233118.0,275603.0,469054.0,194114.0,155407.0,98036.0,156262.0,160171.0,141275.0,117800.0,86375.0,58958.0,107546.0,53493.0,13858.0,16714.0,27253.0,68110.0,40471.0,66060.0,92540.0,85239.0,61525.0,88516.0,75667.0,53645.0,42822.0,21778.0,51016.0,50244.0
1783620147.03985,0.0,65616.0,58167.0,284252.0,102026.0,108887.0,117915.0,110519.0,83790.0,94051.0,28758.0,59996.0,11500.0,58715.0,30398.0,56378.0,97171.0,79190.0,45386.0,70144.0,48335.0,65136.0,10192.0,83261.0,56465.0,16781.0,25287.0,11846.0,86106.0,79438.0,73674.0,149338.0,75367.0,41629.0,38590.0,74997.0,59627.0,51194.0,56959.0,127792.0,80394.0,24256.0,81474.0,116380.0,127208.0,98888.0,93974.0,148012.0,179554.0,241368.0,173748.0,746856.0,4463737.0,570189.0,152112.0,153665.0,123649.0,122312.0,98101.0,79141.0,61183.0,77085.0,55291.0,17755.0,54542.0,51851.0,77612.0,41750.0,107928.0,58159.0,28505.0,22155.0,14408.0,126731.0,42326.0,52766.0,64825.0,28815.0,21680.0,39050.0,105710.0,55586.0,56436.0,46567.0,61231.0,30204.0,23114.0,31094.0,34693.0,60566.0,24647.0,100997.0,117979.0,40870.0,65283.0,37055.0,48536.0,56125.0,72251.0,209167.0,556085.0,354387.0,83450.0,137150.0,191389.0,98235.0,70213.0,17322.0,87692.0,84482.0,83262.0,46590.0,60797.0,88428.0,30903.0,70233.0,75518.0,58237.0,38138.0,58436.0,70014.0,74176.0,38226.0,11760.0,39435.0,34488.0,32016.0,104145.0
1783620149.6067765,0.0,46558.0,106002.0,173985.0,98363.0,111614.0,106229.0,38282.0,69294.0,48427.0,77515.0,89720.0,93591.0,67133.0,64258.0,79494.0,41597.0,45875.0,59831.0,116299.0,20441.0,87880.0,93469.0,27515.0,57275.0,38976.0,74432.0,18004.0,37840.0,26771.0,76005.0,102548.0,95594.0,48391.0,94389.0,84718.0,20132.0,79083.0,93986.0,126680.0,68943.0,192572.0,96283.0,182265.0,311293.0,56626.0,252541.0,128217.0,134555.0,496999.0,549572.0,1083277.0,4240811.0,809982.0,398541.0,299481.0,175995.0,170044.0,302646.0,48374.0,217970.0,125665.0,114377.0,198061.0,27664.0,109649.0,121186.0,62946.0,59811.0,159518.0,66580.0,76074.0,123712.0,28991.0,23090.0,29596.0,67740.0,8315.0,41382.0,44608.0,87828.0,45729.0,90845.0,113274.0,86948.0,109568.0,65252.0,42681.0,69976.0,108974.0,42667.0,140812.0,103555.0,86628.0,140867.0,93825.0,83772.0,66999.0,75807.0,192144.0,403789.0,486443.0,288214.0,162644.0,151077.0,56555.0,63784.0,105671.0,150796.0,102765.0,91653.0,93013.0,93346.0,30854.0,43188.0,42312.0,60085.0,26593.0,39891.0,32766.0,34771.0,32082.0,76416.0,34900.0,29226.0,49526.0,48191.0,68860.0
1783620152.1733778,0.0,57508.0,53996.0,194112.0,67197.0,85357.0,25047.0,15711.0,122940.0,11084.0,140677.0,11922.0,41258.0,38408.0,39438.0,92158.0,108718.0,44575.0,42648.0,42322.0,43378.0,88254.0,33142.0,114704.0,33256.0,46243.0,84152.0,39205.0,81795.0,68241.0,44211.0,119474.0,63289.0,43912.0,123515.0,54212.0,114947.0,49832.0,50998.0,140866.0,66592.0,167833.0,61256.0,132886.0,70810.0,199069.0,130688.0,237432.0,286425.0,211610.0,228600.0,764203.0,4366646.0,705363.0,140715.0,219305.0,182867.0,215103.0,129098.0,76071.0,87660.0,68921.0,122846.0,88401.0,128836.0,17914.0,52771.0,41826.0,100854.0,89461.0,121144.0,43360.0,60946.0,147822.0,37391.0,120621.0,27275.0,96316.0,39749.0,44146.0,92442.0,86456.0,76243.0,86377.0,24050.0,47509.0,66023.0,23577.0,122980.0,44067.0,82209.0,14543.0,33575.0,62055.0,47889.0,124990.0,105139.0,87547.0,17959.0,265517.0,461015.0,312313.0,106629.0,156294.0,266499.0,96243.0,103974.0,97904.0,50005.0,95506.0,15789.0,98790.0,45758.0,71474.0,80614.0,52452.0,82264.0,69377.0,50050.0,73352.0,11019.0,41156.0,37289.0,22302.0,96381.0,30255.0,67985.0,58574.0
1783620157.257411,0.0,49198.0,94953.0,243048.0,88186.0,63392.0,67567.0,13431.0,140626.0,94394.0,42087.0,61426.0,171189.0,17897.0,57602.0,94446.0,32516.0,126958.0,73055.0,48221.0,170231.0,61390.0,95026.0,95234.0,93639.0,37069.0,51784.0,60894.0,67167.0,64762.0,20282.0,170775.0,11691.0,40815.0,196891.0,79925.0,79717.0,194211.0,218792.0,164251.0,120236.0,263332.0,191363.0,84566.0,333082.0,54915.0,298854.0,410550.0,127373.0,565561.0,429020.0,996324.0,4110539.0,928896.0,225125.0,546166.0,388564.0,135986.0,296359.0,180468.0,109810.0,261972.0,174040.0,222317.0,150301.0,143135.0,177137.0,65237.0,168617.0,44489.0,49702.0,147942.0,30161.0,47439.0,101978.0,100339.0,79533.0,73313.0,161663.0,86023.0,118200.0,81031.0,112174.0,45365.0,19696.0,158386.0,30412.0,59085.0,103362.0,66307.0,109612.0,144489.0,115411.0,81082.0,135970.0,71717.0,53948.0,107229.0,144694.0,68103.0,267982.0,492328.0,278002.0,188908.0,122149.0,144085.0,168703.0,146030.0,45639.0,42561.0,115945.0,89935.0,25167.0,136606.0,34664.0,53690.0,47823.0,87518.0,73422.0,89769.0,138149.0,54938.0,137206.0,33837.0,97168.0,74095.0,12865.0,52197.0
1783620157.3235724,0.0,142541.0,41682.0,78721.0,281708.0,31835.0,86053.0,38707.0,48833.0,195667.0,96178.0,65046.0,76880.0,101779.0,94334.0,57384.0,87752.0,63082.0,79870.0,15782.0,62794.0,122355.0,74377.0,28589.0,26241.0,165234.0,179020.0,166710.0,50073.0,49243.0,61096.0,171817.0,71459.0,74112.0,73930.0,19202.0,141058.0,107388.0,147887.0,87500.0,133539.0,82071.0,207575.0,189116.0,93971.0,46650.0,233997.0,304772.0,237063.0,165048.0,712767.0,1368050.0,3930786.0,1180738.0,783162.0,409691.0,115583.0,362990.0,188959.0,93616.0,142657.0,137544.0,247674.0,67467.0,153685.0,85116.0,142745.0,52988.0,162735.0,65186.0,28900.0,126006.0,47293.0,166499.0,25731.0,81659.0,39586.0,165824.0,108824.0,227654.0,33599.0,75161.0,65471.0,72012.0,81940.0,47996.0,134699.0,83415.0,115426.0,79179.0,195745.0,135786.0,87113.0,48396.0,147716.0,91768.0,40666.0,144139.0,329721.0,201642.0,211910.0,395952.0,106272.0,36400.0,53297.0,193111.0,94706.0,104069.0,77881.0,102622.0,69863.0,12081.0,61779.0,113928.0,110106.0,130330.0,148691.0,82019.0,51948.0,54773.0,32923.0,49941.0,70675.0,41267.0,95693.0,120740.0,155269.0,83789.0
1783620159.8729153,0.0,61425.0,235822.0,173470.0,123981.0,68236.0,73915.0,110240.0,49861.0,32406.0,94564.0,93841.0,48471.0,54613.0,75026.0,60862.0,73952.0,75315.0,46571.0,94957.0,138959.0,87102.0,13081.0,97141.0,129482.0,71765.0,60522.0,142672.0,139983.0,21646.0,95136.0,220205.0,164869.0,43596.0,78303.0,156294.0,153813.0,80049.0,80495.0,172974.0,147959.0,129739.0,131182.0,173689.0,236148.0,226240.0,251541.0,410090.0,494431.0,707102.0,616543.0,1913080.0,3726459.0,997170.0,447393.0,361608.0,217946.0,339706.0,279451.0,135948.0,119868.0,179675.0,98630.0,60029.0,83818.0,113355.0,94336.0,80421.0,51377.0,90869.0,107984.0,30050.0,49821.0,190402.0,145762.0,25721.0,55205.0,81173.0,69982.0,15445.0,109500.0,51400.0,12642.0,55579.0,72890.0,41360.0,51780.0,38758.0,13005.0,34047.0,60702.0,53637.0,40634.0,63121.0,123799.0,17708.0,13816.0,87534.0,24803.0,56274.0,177750.0,768460.0,60459.0,218079.0,63903.0,60531.0,109630.0,47791.0,108519.0,93787.0,31288.0,67938.0,53227.0,32091.0,29720.0,30728.0,58365.0,53050.0,23803.0,26603.0,101405.0,50928.0,77887.0,74031.0,129404.0,94804.0,80136.0,68967.0
1783620162.4579182,0.0,59057.0,58746.0,257340.0,102800.0,80846.0,24491.0,34767.0,80849.0,21996.0,75740.0,69611.0,87165.0,91932.0,50206.0,120615.0,49631.0,53955.0,14865.0,103529.0,156840.0,54178.0,97053.0,85164.0,46468.0,68841.0,110311.0,137348.0,170897.0,32387.0,109983.0,102244.0,25878.0,104043.0,95283.0,99344.0,62135.0,85038.0,161694.0,144915.0,101315.0,50273.0,3565.0,148195.0,88848.0,182056.0,481957.0,562434.0,598379.0,193520.0,586936.0,1342921.0,3888738.0,969103.0,883636.0,682363.0,190528.0,289543.0,351402.0,207883.0,118157.0,77310.0,67337.0,21347.0,50471.0,118155.0,123465.0,110284.0,63637.0,47282.0,69525.0,76502.0,28493.0,101796.0,59138.0,140259.0,33808.0,18144.0,86821.0,63030.0,75551.0,20986.0,111994.0,22006.0,33384.0,67050.0,94164.0,87630.0,53655.0,80584.0,27796.0,53075.0,119527.0,149303.0,79321.0,56413.0,145882.0,207853.0,230970.0,101360.0,465562.0,331859.0,96025.0,156626.0,180763.0,88879.0,76690.0,101072.0,140495.0,66453.0,109626.0,16132.0,38637.0,50094.0,86783.0,16886.0,55624.0,38672.0,40806.0,111597.0,35533.0,101702.0,45185.0,75078.0,151483.0,66864.0,54390.0,91631.0
1783620165.029087,0.0,119266.0,247705.0,71105.0,74032.0,45311.0,11186.0,132423.0,111922.0,102303.0,40257.0,21920.0,65187.0,36965.0,90331.0,153788.0,67612.0,18589.0,34159.0,74024.0,65411.0,46339.0,144257.0,110156.0,66247.0,78348.0,57257.0,110754.0,56479.0,67809.0,146459.0,47063.0,53378.0,82805.0,91415.0,163141.0,60168.0,155463.0,136685.0,73284.0,95191.0,60891.0,166025.0,124316.0,204117.0,212297.0,45636.0,351054.0,322105.0,484622.0,768119.0,543377.0,4272898.0,501389.0,359945.0,403095.0,79963.0,264377.0,120415.0,142583.0,154735.0,90298.0,182350.0,63533.0,86396.0,98294.0,80255.0,113681.0,33129.0,136333.0,88639.0,32886.0,48523.0,38940.0,138688.0,108747.0,76815.0,109842.0,88853.0,10200.0,31562.0,94198.0,50026.0,68436.0,93116.0,71303.0,68240.0,51297.0,23574.0,117962.0,78228.0,50736.0,89989.0,77788.0,55905.0,121972.0,104695.0,87290.0,100621.0,144264.0,402120.0,182942.0,429014.0,177440.0,218730.0,144976.0,138024.0,106489.0,68004.0,55301.0,116443.0,86895.0,68394.0,58247.0,56350.0,70234.0,58746.0,68778.0,90798.0,91897.0,63121.0,76294.0,77584.0,55940.0,34932.0,37225.0,98340.0,114773.0
1783620167.5906696,0.0,146094.0,270946.0,133351.0,50693.0,150650.0,109774.0,75962.0,119469.0,36274.0,73584.0,41061.0,97722.0,131460.0,83085.0,99935.0,63259.0,136766.0,97883.0,108392.0,90075.0,81188.0,81399.0,123179.0,160951.0,110726.0,94640.0,108121.0,80841.0,176072.0,93639.0,82507.0,15938.0,41951.0,165267.0,188246.0,180725.0,114891.0,107921.0,175351.0,175405.0,234149.0,167459.0,129331.0,179803.0,302531.0,361065.0,404420.0,388893.0,444457.0,703440.0,2822150.0,2898455.0,1156537.0,723502.0,447517.0,249405.0,168236.0,207647.0,163802.0,199162.0,252111.0,107749.0,84186.0,36727.0,173662.0,102006.0,90345.0,75433.0,56450.0,104653.0,43062.0,171873.0,148794.0,74750.0,36515.0,29470.0,65749.0,38694.0,147856.0,13540.0,48052.0,34134.0,89673.0,66798.0,24257.0,52184.0,17783.0,15149.0,30756.0,63237.0,103186.0,56915.0,68320.0,18270.0,59538.0,32742.0,120765.0,111180.0,171396.0,292940.0,436440.0,439509.0,112940.0,65903.0,121486.0,13346.0,67595.0,61051.0,18069.0,48534.0,59909.0,105125.0,97788.0,88895.0,24966.0,55285.0,141797.0,36940.0,82626.0,48358.0,121717.0,47996.0,28007.0,121939.0,70495.0,69705.0,92935.0
1783620170.1543753,0.0,125069.0,182379.0,212043.0,92604.0,58076.0,89243.0,107112.0,137743.0,83071.0,134228.0,140965.0,73790.0,66220.0,101479.0,50961.0,69195.0,69327.0,121538.0,76219.0,107969.0,139331.0,107913.0,119009.0,123646.0,149691.0,153245.0,99071.0,169349.0,151819.0,64930.0,87484.0,118752.0,130262.0,82407.0,156424.0,131383.0,133225.0,149849.0,177030.0,196967.0,175787.0,266216.0,292880.0,184533.0,282778.0,313382.0,408588.0,400984.0,562000.0,823501.0,2536429.0,3196961.0,1175968.0,593249.0,363714.0,209120.0,194423.0,205358.0,209644.0,71998.0,116269.0,89110.0,112994.0,61049.0,136489.0,112375.0,48009.0,96215.0,80920.0,65902.0,60201.0,36364.0,73891.0,81829.0,89108.0,51504.0,11415.0,12113.0,70042.0,87052.0,23107.0,70565.0,69561.0,28352.0,33336.0,21290.0,51477.0,79874.0,12160.0,74323.0,73054.0,29932.0,28380.0,20473.0,45349.0,65023.0,133846.0,89559.0,116274.0,224266.0,596000.0,316923.0,240763.0,121767.0,93498.0,150960.0,48396.0,57355.0,23027.0,64761.0,77984.0,21759.0,96291.0,104623.0,7801.0,40453.0,15314.0,37033.0,45983.0,83032.0,53274.0,28011.0,66047.0,70921.0,90908.0,38632.0,57342.0
1783620172.724814,0.0,274806.0,267503.0,198664.0,879.0,35493.0,69059.0,82046.0,43754.0,61795.0,33314.0,94714.0,60098.0,108543.0,82606.0,120974.0,45368.0,92092.0,112493.0,27020.0,86993.0,29271.0,26680.0,64482.0,140478.0,141742.0,110804.0,104706.0,102531.0,76197.0,56056.0,30344.0,98264.0,94617.0,15658.0,113037.0,86764.0,106288.0,107335.0,95659.0,222780.0,46032.0,210289.0,136210.0,231197.0,293922.0,40173.0,376369.0,348803.0,666733.0,1387171.0,858388.0,3884422.0,487962.0,693925.0,501926.0,232246.0,378408.0,128121.0,195778.0,209764.0,58037.0,288944.0,90286.0,195154.0,163810.0,168070.0,161600.0,71890.0,159322.0,81810.0,66843.0,64790.0,164565.0,86159.0,37760.0,78044.0,110948.0,121451.0,42510.0,126335.0,66520.0,90915.0,47250.0,89134.0,113336.0,72335.0,114229.0,14293.0,148420.0,93917.0,113383.0,69052.0,62915.0,62557.0,26628.0,72430.0,93473.0,65890.0,34011.0,87548.0,232424.0,736118.0,154326.0,225796.0,176947.0,93935.0,104798.0,157592.0,51705.0,113159.0,79384.0,91205.0,32339.0,64031.0,43292.0,76604.0,45710.0,47460.0,51369.0,12256.0,101517.0,66706.0,35924.0,73586.0,101641.0,70404.0,89879.0
1783620175.291539,0.0,194299.0,25488.0,58054.0,89005.0,23785.0,33698.0,27784.0,79070.0,73874.0,22044.0,14996.0,87125.0,72983.0,48257.0,68421.0,126832.0,45754.0,60657.0,105253.0,118906.0,83289.0,76509.0,185452.0,74677.0,120029.0,82111.0,154218.0,95928.0,142330.0,159943.0,76328.0,128469.0,41255.0,141401.0,31118.0,123952.0,93785.0,119781.0,135076.0,99520.0,195483.0,42927.0,276451.0,72967.0,320285.0,268601.0,418918.0,559205.0,586660.0,1705022.0,1516597.0,3530465.0,189870.0,749107.0,277202.0,327919.0,233829.0,199537.0,225919.0,108755.0,210451.0,84891.0,168968.0,55631.0,166709.0,70341.0,121780.0,92001.0,98740.0,76174.0,79338.0,83614.0,18169.0,146810.0,24017.0,77284.0,12610.0,54800.0,16587.0,63967.0,51378.0,22493.0,41490.0,44509.0,45680.0,18922.0,56204.0,37055.0,57311.0,18229.0,53661.0,39651.0,78117.0,62333.0,20479.0,29843.0,36551.0,89419.0,153473.0,53261.0,366117.0,357886.0,301782.0,271660.0,66582.0,161466.0,88870.0,107014.0,75497.0,125936.0,19673.0,108995.0,79499.0,82916.0,79789.0,98959.0,127466.0,41255.0,127565.0,109687.0,133289.0,100368.0,103935.0,147262.0,168618.0,159512.0,120361.0
1783620177.841178,0.0,161721.0,102559.0,42781.0,70440.0,38727.0,60531.0,62251.0,39515.0,46849.0,70870.0,85960.0,59288.0,77273.0,28481.0,88931.0,50120.0,59164.0,40030.0,46988.0,41339.0,108093.0,26250.0,97971.0,22892.0,43909.0,40985.0,81998.0,124961.0,35791.0,46396.0,84496.0,88720.0,63975.0,74748.0,17313.0,87629.0,56709.0,124147.0,57446.0,31444.0,56624.0,121791.0,114749.0,116859.0,126092.0,102489.0,180181.0,296585.0,435923.0,561046.0,4234239.0,737144.0,489203.0,315380.0,145529.0,154094.0,231334.0,163034.0,63827.0,64389.0,152323.0,119685.0,109592.0,60366.0,59072.0,64316.0,126303.0,100163.0,55482.0,10817.0,44010.0,86631.0,64089.0,42952.0,36925.0,34254.0,58133.0,100601.0,73552.0,59113.0,44046.0,67739.0,71960.0,111498.0,59125.0,16323.0,31672.0,62730.0,93293.0,65265.0,43399.0,18848.0,73807.0,40573.0,83976.0,100129.0,63032.0,56517.0,152511.0,203879.0,176101.0,292082.0,363285.0,133184.0,136603.0,145067.0,85139.0,91479.0,27359.0,61603.0,85099.0,110359.0,68857.0,50028.0,18522.0,73167.0,58929.0,78715.0,64374.0,46790.0,36308.0,42855.0,93930.0,67998.0,75771.0,49557.0,83407.0
1783620180.4235544,0.0,268478.0,18199.0,129261.0,63271.0,40363.0,37937.0,7989.0,63249.0,33995.0,59072.0,58317.0,50075.0,79092.0,81732.0,66956.0,126990.0,88719.0,110831.0,47160.0,54481.0,50087.0,132231.0,138830.0,105584.0,59130.0,71841.0,63968.0,71912.0,26353.0,55648.0,43901.0,44578.0,89299.0,59863.0,109895.0,95643.0,107254.0,102470.0,103095.0,109338.0,121235.0,146630.0,178222.0,155763.0,194798.0,221636.0,344270.0,321149.0,528541.0,883687.0,3915963.0,1775304.0,586579.0,461823.0,379832.0,263611.0,227290.0,140871.0,150044.0,102622.0,122023.0,99345.0,107794.0,95867.0,106294.0,88365.0,73943.0,91149.0,114157.0,85372.0,103668.0,33491.0,58014.0,158534.0,106766.0,149710.0,61450.0,62672.0,88494.0,23660.0,78644.0,45015.0,50954.0,28624.0,70241.0,77739.0,92680.0,87698.0,77677.0,81504.0,89667.0,52855.0,80079.0,38133.0,86836.0,88929.0,55449.0,57669.0,28404.0,73595.0,120600.0,845955.0,114840.0,68729.0,27725.0,23815.0,26637.0,73626.0,46807.0,71699.0,36725.0,59494.0,76455.0,49877.0,80402.0,64854.0,7059.0,51726.0,85397.0,57317.0,33817.0,17872.0,41546.0,6715.0,56955.0,25353.0,42266.0
1783620182.9796875,0.0,129931.0,104695.0,88937.0,64064.0,51015.0,13301.0,44252.0,64341.0,44558.0,144180.0,54306.0,65791.0,104960.0,80515.0,89490.0,76021.0,125584.0,86867.0,8179.0,48384.0,124720.0,16196.0,71754.0,83372.0,68269.0,119276.0,47762.0,166271.0,31404.0,93031.0,85583.0,75038.0,16191.0,109733.0,33951.0,45326.0,101604.0,140788.0,103607.0,88751.0,191033.0,137227.0,51991.0,145694.0,179054.0,180466.0,179832.0,263504.0,431560.0,676769.0,4134237.0,920943.0,389630.0,288086.0,300766.0,219566.0,132786.0,144622.0,93205.0,115036.0,125080.0,72168.0,164816.0,101687.0,38046.0,56707.0,89621.0,117620.0,44617.0,73474.0,97933.0,24916.0,77202.0,256060.0,19858.0,75275.0,36339.0,76963.0,118986.0,137820.0,82101.0,65238.0,23358.0,104385.0,108135.0,21738.0,74480.0,70304.0,11102.0,81022.0,140237.0,44867.0,98659.0,46539.0,64524.0,51774.0,65496.0,42701.0,96847.0,127305.0,199525.0,224152.0,298179.0,44233.0,132438.0,41509.0,72701.0,29760.0,85040.0,125633.0,50756.0,32032.0,135983.0,44201.0,150229.0,88060.0,48019.0,43902.0,85444.0,21635.0,83935.0,73585.0,45087.0,81778.0,45181.0,146505.0,47896.0
1783620185.543569,0.0,109301.0,33628.0,64024.0,40867.0,65381.0,83360.0,50105.0,112436.0,58875.0,18367.0,91018.0,75463.0,45576.0,27566.0,68149.0,28314.0,72761.0,36765.0,135124.0,30190.0,57744.0,40086.0,21765.0,82278.0,27165.0,74245.0,30780.0,61595.0,131973.0,73906.0,93032.0,43705.0,135668.0,94836.0,96572.0,51240.0,73574.0,57079.0,50296.0,145258.0,28814.0,145901.0,178279.0,155064.0,121992.0,213787.0,229204.0,397260.0,451685.0,900132.0,3869306.0,1494321.0,754376.0,388068.0,285928.0,139705.0,208955.0,97459.0,216268.0,56904.0,83795.0,77929.0,138546.0,67258.0,113105.0,64806.0,138267.0,66012.0,79132.0,43679.0,125694.0,62369.0,63384.0,123194.0,20923.0,59707.0,55101.0,93695.0,50722.0,120364.0,71694.0,72303.0,99828.0,10776.0,136691.0,52596.0,57630.0,49880.0,39320.0,37926.0,22748.0,139898.0,76928.0,41497.0,52815.0,127014.0,46607.0,13451.0,98337.0,23678.0,147754.0,605417.0,30632.0,106676.0,13292.0,109724.0,13509.0,106166.0,55202.0,109680.0,58407.0,192029.0,34194.0,89964.0,68098.0,80410.0,36626.0,42983.0,48890.0,36320.0,37945.0,45501.0,82012.0,63399.0,43090.0,68634.0,12516.0
1783620188.1086774,0.0,143602.0,54724.0,92602.0,40132.0,88864.0,83528.0,101395.0,53542.0,20306.0,116030.0,44137.0,56789.0,123463.0,88172.0,127880.0,42242.0,121283.0,28488.0,88783.0,72809.0,171935.0,115327.0,70509.0,133843.0,97631.0,73731.0,74422.0,103937.0,203141.0,39063.0,148079.0,118335.0,172589.0,127193.0,52001.0,84542.0,212438.0,44833.0,105517.0,66466.0,302689.0,169042.0,37145.0,284889.0,298286.0,287412.0,171587.0,573751.0,1018263.0,1173450.0,3075728.0,2211423.0,991201.0,423917.0,162643.0,405699.0,294271.0,198220.0,116863.0,167771.0,224583.0,127967.0,157135.0,161645.0,126985.0,126676.0,117807.0,73828.0,180379.0,155019.0,127469.0,81050.0,107834.0,53988.0,129988.0,122521.0,57643.0,68624.0,38576.0,37347.0,155720.0,67999.0,104505.0,80271.0,95091.0,165199.0,122357.0,53785.0,96628.0,49537.0,102764.0,120931.0,49549.0,62699.0,132889.0,52144.0,97603.0,84924.0,93440.0,71670.0,114681.0,298937.0,286752.0,222035.0,154422.0,30446.0,25969.0,2228.0,36738.0,106612.0,66281.0,38611.0,91398.0,18775.0,174595.0,128918.0,107927.0,47647.0,68837.0,53992.0,114619.0,110116.0,116337.0,38616.0,40820.0,62373.0,53662.0
1783620190.6920927,0.0,201001.0,121582.0,88867.0,56888.0,82204.0,65821.0,40570.0,158754.0,58480.0,180878.0,141677.0,183177.0,48396.0,143250.0,62031.0,46195.0,70222.0,50713.0,105094.0,61739.0,48106.0,16472.0,73295.0,94471.0,94444.0,48375.0,98866.0,61712.0,110276.0,156091.0,61170.0,158060.0,100845.0,145371.0,19944.0,174962.0,108921.0,76555.0,55180.0,193890.0,147432.0,240075.0,227801.0,162547.0,94296.0,544880.0,344616.0,628941.0,764695.0,1694782.0,1369380.0,3612043.0,651704.0,540024.0,360733.0,450435.0,117294.0,437676.0,275977.0,174213.0,188708.0,322705.0,90114.0,197029.0,154305.0,86737.0,27378.0,174183.0,31476.0,167987.0,61061.0,60456.0,29121.0,146688.0,149732.0,58160.0,74310.0,99353.0,68019.0,94604.0,121735.0,85460.0,127755.0,173925.0,45547.0,144313.0,55642.0,21715.0,82898.0,70863.0,55548.0,170505.0,85221.0,45110.0,102870.0,97678.0,60998.0,149658.0,159064.0,231987.0,184728.0,501996.0,141625.0,620040.0,134755.0,289563.0,76686.0,134017.0,32668.0,153647.0,41272.0,136096.0,91989.0,44107.0,123712.0,81261.0,73577.0,83516.0,57428.0,34473.0,59320.0,60862.0,28090.0,92049.0,91630.0,147515.0,37084.0
1783620193.2756813,0.0,161415.0,142847.0,118076.0,154544.0,46936.0,185286.0,43788.0,74291.0,84761.0,26018.0,31855.0,9797.0,63846.0,214395.0,149239.0,185663.0,116986.0,126919.0,51615.0,41010.0,64874.0,63848.0,102995.0,169151.0,136560.0,77664.0,134719.0,35187.0,146273.0,146098.0,108674.0,92952.0,101928.0,92544.0,63905.0,220576.0,50338.0,80727.0,106709.0,186099.0,166878.0,334754.0,409750.0,402366.0,233733.0,347168.0,98780.0,438887.0,501407.0,820643.0,2669793.0,2462839.0,1521879.0,583649.0,856058.0,532328.0,204942.0,119686.0,210261.0,277439.0,132182.0,176440.0,29608.0,205202.0,224997.0,107772.0,58339.0,56953.0,144845.0,130645.0,131133.0,201913.0,86440.0,31688.0,114247.0,22284.0,59895.0,59074.0,64348.0,54731.0,119103.0,107730.0,30786.0,140867.0,163142.0,113056.0,61655.0,91878.0,77645.0,165744.0,32419.0,103815.0,129562.0,157540.0,101239.0,156548.0,77896.0,85050.0,39838.0,205994.0,138574.0,280708.0,241668.0,452772.0,178330.0,81294.0,46897.0,64765.0,171848.0,98671.0,106446.0,10253.0,66041.0,75514.0,62360.0,38857.0,51694.0,129808.0,40490.0,132659.0,63495.0,122776.0,123107.0,125233.0,36215.0,20499.0,89366.0
1783620195.8918529,0.0,7682.0,160822.0,43693.0,37937.0,166062.0,124061.0,103902.0,24875.0,14656.0,107562.0,51919.0,132850.0,99037.0,113294.0,153035.0,148286.0,173387.0,134579.0,116765.0,108994.0,65018.0,116662.0,166860.0,68654.0,108950.0,120247.0,31193.0,93786.0,201487.0,121017.0,195027.0,38970.0,21099.0,62517.0,143530.0,196664.0,225965.0,120447.0,131972.0,130459.0,210305.0,172257.0,190820.0,332024.0,655972.0,369612.0,450550.0,891722.0,364412.0,896593.0,481250.0,3907640.0,778910.0,1249310.0,327334.0,431444.0,35472.0,281888.0,394775.0,155650.0,125397.0,327242.0,205758.0,132347.0,315264.0,135207.0,121456.0,201354.0,151181.0,186513.0,94821.0,136969.0,247290.0,148478.0,126239.0,78569.0,120153.0,143538.0,137747.0,65247.0,123374.0,134818.0,68864.0,33530.0,16911.0,101615.0,21038.0,96081.0,60523.0,93168.0,168482.0,64312.0,212970.0,30426.0,34743.0,138751.0,217713.0,325784.0,122338.0,218725.0,96915.0,284276.0,126791.0,436985.0,309467.0,434313.0,120245.0,108257.0,87734.0,115858.0,172843.0,92286.0,43125.0,97624.0,109918.0,84472.0,143727.0,89378.0,90145.0,145945.0,16354.0,83922.0,171196.0,45931.0,148922.0,137573.0,103586.0
1783620198.458594,0.0,196045.0,133239.0,86705.0,126373.0,85407.0,75315.0,59136.0,60935.0,111886.0,116451.0,96203.0,87862.0,67170.0,83820.0,108792.0,70553.0,56078.0,81071.0,91187.0,107061.0,42212.0,77102.0,31098.0,40934.0,117548.0,68567.0,116191.0,40740.0,170782.0,40225.0,105668.0,161374.0,89328.0,79992.0,57231.0,118210.0,151302.0,185572.0,55194.0,70916.0,103896.0,179891.0,270662.0,273797.0,96644.0,34401.0,381180.0,645692.0,860973.0,1059556.0,3742337.0,1447321.0,791476.0,484400.0,232523.0,93498.0,183228.0,198476.0,142653.0,130808.0,52674.0,100423.0,178511.0,102442.0,83152.0,13725.0,63952.0,91834.0,130101.0,43641.0,50936.0,79577.0,46325.0,194150.0,105905.0,143961.0,37304.0,20661.0,93922.0,74194.0,208645.0,123263.0,37207.0,121578.0,125873.0,131224.0,99020.0,35639.0,75290.0,118236.0,104097.0,76155.0,16311.0,17393.0,60269.0,111822.0,90548.0,24975.0,52160.0,79592.0,166939.0,254642.0,530723.0,73837.0,151098.0,195556.0,162172.0,143016.0,20123.0,19287.0,120739.0,166196.0,90639.0,53559.0,56614.0,58950.0,74024.0,78047.0,61442.0,34155.0,65965.0,30653.0,15827.0,36076.0,30877.0,77261.0,21016.0
1783620201.0425756,0.0,36856.0,112961.0,123639.0,29321.0,38499.0,43957.0,27255.0,162949.0,85516.0,153552.0,30044.0,86777.0,43464.0,84161.0,36330.0,120907.0,91667.0,133778.0,18037.0,35935.0,66708.0,66751.0,59108.0,47823.0,87105.0,79762.0,152951.0,42912.0,78347.0,71198.0,74774.0,92500.0,122834.0,218212.0,150622.0,151846.0,120132.0,48080.0,261650.0,162563.0,348388.0,167303.0,132490.0,168036.0,314045.0,337157.0,426408.0,715842.0,404760.0,1094302.0,1970837.0,3241474.0,1117367.0,732976.0,519868.0,13091.0,264279.0,171251.0,440034.0,141352.0,199227.0,152709.0,168501.0,45559.0,163312.0,131298.0,25799.0,152476.0,82474.0,144731.0,98821.0,179363.0,219463.0,134733.0,93838.0,26126.0,108821.0,105264.0,92032.0,125040.0,39056.0,129678.0,23030.0,73401.0,64688.0,77548.0,104579.0,65819.0,56163.0,134321.0,42107.0,99113.0,54476.0,31955.0,15551.0,37352.0,75400.0,162124.0,59186.0,338201.0,124074.0,377171.0,364567.0,84256.0,214619.0,47948.0,94577.0,60381.0,38846.0,115329.0,29462.0,91132.0,103166.0,54102.0,120367.0,40641.0,81934.0,92073.0,122276.0,34125.0,24090.0,56362.0,67553.0,16502.0,32246.0,51578.0,137724.0
1783620203.6265326,0.0,133090.0,87038.0,222519.0,52978.0,100895.0,64531.0,29804.0,34346.0,21607.0,84965.0,40427.0,77875.0,70381.0,63602.0,125882.0,59840.0,89631.0,140218.0,126348.0,18464.0,100505.0,45929.0,78749.0,71975.0,61888.0,105075.0,24692.0,80959.0,91785.0,80587.0,156309.0,89294.0,4187.0,107694.0,127256.0,53021.0,97541.0,60772.0,155227.0,59792.0,225823.0,117222.0,174229.0,156091.0,62879.0,412954.0,400510.0,336553.0,512129.0,977762.0,725792.0,4124812.0,542306.0,860554.0,254273.0,236775.0,180229.0,452758.0,155739.0,291758.0,143625.0,54762.0,140736.0,184204.0,211008.0,196518.0,83689.0,80744.0,181735.0,114368.0,68263.0,62142.0,80849.0,50993.0,195426.0,52865.0,102753.0,70025.0,58013.0,28239.0,110854.0,24799.0,144073.0,82442.0,13026.0,198903.0,225085.0,76245.0,106716.0,57563.0,24188.0,111191.0,65770.0,150961.0,97684.0,160735.0,123348.0,125559.0,165199.0,339881.0,99276.0,367007.0,552844.0,116225.0,74274.0,25417.0,50058.0,110120.0,72992.0,73643.0,82429.0,100539.0,60216.0,83669.0,90705.0,20109.0,47835.0,35934.0,102692.0,139897.0,55510.0,53577.0,131999.0,109450.0,37610.0,35812.0,37436.0
1783620206.2138243,0.0,153622.0,171339.0,139904.0,136445.0,84322.0,42560.0,80786.0,2004.0,117257.0,97086.0,87492.0,77313.0,75905.0,89003.0,114519.0,110308.0,28020.0,93368.0,11408.0,98580.0,118863.0,177455.0,191872.0,119103.0,157032.0,39024.0,233557.0,231833.0,121244.0,170817.0,99659.0,153565.0,131778.0,131583.0,78863.0,74473.0,139165.0,146134.0,178619.0,176096.0,70830.0,171730.0,107765.0,311694.0,333104.0,262554.0,100769.0,736432.0,686685.0,1114620.0,960551.0,3639532.0,1268009.0,291858.0,312209.0,521158.0,480322.0,91477.0,184402.0,258807.0,316095.0,123005.0,161478.0,80989.0,161317.0,99758.0,104586.0,119411.0,80798.0,93554.0,245482.0,120755.0,199551.0,147993.0,121939.0,99923.0,172215.0,216100.0,171723.0,187388.0,48222.0,112612.0,190232.0,94886.0,121741.0,22558.0,119658.0,104202.0,137733.0,102689.0,46793.0,64907.0,94115.0,120875.0,95607.0,102311.0,95273.0,50290.0,125717.0,210013.0,68168.0,228509.0,372951.0,62936.0,78340.0,106811.0,215311.0,189666.0,110075.0,98317.0,55943.0,140664.0,39542.0,180315.0,91187.0,67878.0,141380.0,42060.0,141609.0,56164.0,90290.0,98564.0,33250.0,160424.0,104272.0,43190.0,156787.0
